research_phase,window_id,topic_instance_id,adjudication_status,human_decision,effective_name,effective_description,effective_path_l1,effective_path_l2,effective_path_l3,effective_taxonomy_path,qualification,effective_message_count,message_share,evidence_message_count,evidence_message_ids,source_name,source_taxonomy_path
A,S1000-0001,STI-0adec9dc50ae441551d7,accepted,agree,8月19日迟到课程的扣罚处理,HR就Bell未按时进入8月19日课程联系她；双方随后讨论迟到、课程被移除、扣罚及电脑更新造成无法进入ClassIn的原因。,课程运营与服务,课程排期与出勤,到课与缺勤处理,课程运营与服务 > 课程排期与出勤 > 到课与缺勤处理,standard,21,0.21,21,1102227901|1102227903|1102227905|1102227907|1102227909|1102227911|1102227913|1102227915|1102227917|1102227919|1102227921|1102227923|1102227925|1102227927|1102227929|1102227931|1102227933|1102227935|1102227937|1102227939|1102227941,8月19日迟到课程的扣罚处理,课程运营与服务 > 课程排期与出勤 > 到课与缺勤处理
A,S1000-0001,STI-159e284220060c1d9583,accepted,agree,台风期间网络故障导致的请假与复课沟通,Bell与运营人员沟通台风期间网络故障造成的请假、课程无法进行、后续恢复连接及扣罚咨询。,课程运营与服务,课程排期与出勤,到课与缺勤处理,课程运营与服务 > 课程排期与出勤 > 到课与缺勤处理,standard,14,0.14,14,1089902947|1089902949|1089902951|1089902953|1089902957|1089902959|1089902961|1091146431|1091146433|1091146435|1091146437|1091146441|1091146445|1091146447,台风期间网络故障导致的请假与复课沟通,课程运营与服务 > 课程排期与出勤 > 到课与缺勤处理
A,S1000-0001,STI-2d96d0a1fe6d7c1ec214,corrected,problem,老师分享自己学生雅思口语取得好成绩&自己有成就感,Bell分享一名学生雅思口语达到目标分数，并称该学生将继续上课和准备大学面试。,学习与学业内容,学习任务与评价,测评与考试反馈,学习与学业内容 > 学习任务与评价 > 测评与考试反馈,short_candidate,3,0.03,3,1083970609|1083970611|1083970615,学生雅思口语成绩与后续面试安排,
A,S1000-0001,STI-942ce3a512635ce4380f,accepted,agree,8月24日至26日课程出勤与课时状态,Bell就误记开课时间、信号不稳定、学生等待入课和系统因课时不足移除课程等情况与工作人员沟通。,课程运营与服务,课程排期与出勤,到课与缺勤处理,课程运营与服务 > 课程排期与出勤 > 到课与缺勤处理,standard,13,0.13,13,1108407051|1108407053|1108407055|1108407057|1108407059|1111036299|1111036301|1111036303|1111036305|1111036307|1111036309|1111036311|1111036313,8月24日至26日课程出勤与课时状态,课程运营与服务 > 课程排期与出勤 > 到课与缺勤处理
A,S1000-0001,STI-986db2c72246b782a673,accepted,agree,确认最新雅思教材文件,Bell询问教材文件，HR回复为最新版IELTS Teacher文件。,,,,,short_candidate,3,0.03,3,1087780197|1087780199|1087780201,确认最新雅思教材文件,
A,S1000-0001,STI-d1bb64bb723f74a50685,accepted,agree,课堂中学生音视频连接异常,Bell报告学生在课堂中出现连接和音频异常，随后确认课堂恢复正常。,数字平台与技术,数字技术与访问,连接与设备故障,数字平台与技术 > 数字技术与访问 > 连接与设备故障,standard,7,0.07,7,1092451831|1092451833|1092451835|1092451837|1092451839|1092451841|1092451843,课堂中学生音视频连接异常,数字平台与技术 > 数字技术与访问 > 连接与设备故障
A,S1000-0001,STI-d24070844d8f7317985e,accepted,agree,查找Let's Talk教材,Bell询问Let's Talk教材位置，HR建议在口语英语文件夹或搜索中查找，Bell随后确认已找到。,教学与课程内容,教学材料与实施,教学资料与课件,教学与课程内容 > 教学材料与实施 > 教学资料与课件,standard,6,0.06,6,1099647721|1099647723|1099647727|1099647729|1099647731|1099647733,查找Let's Talk教材,教学与课程内容 > 教学材料与实施 > 教学资料与课件
A,S1000-0001,STI-f2b296d99c9087b6fb81,accepted,agree,为初学儿童学生选择课程教材,Bell说明原学生的女儿Mini将上课且为初学者，并与HR确认使用Let's Go 0教材。,教学与课程内容,教学材料与实施,教材与材料选择,教学与课程内容 > 教学材料与实施 > 教材与材料选择,standard,14,0.14,14,1093777029|1093777031|1093777033|1093777035|1093777037|1093777039|1093777041|1093777043|1093777045|1093777047|1093777049|1093777051|1093777053|1093777055,为初学儿童学生选择课程教材,教学与课程内容 > 教学材料与实施 > 教材与材料选择
A,S1000-0002,STI-a797f84d64243e209232,accepted,agree,围绕成员关系与称呼的玩笑互动,群成员以李锦墨、沈歆妍及彼此关系为素材，玩笑讨论喜欢、吃醋、假想敌和三人小团体。,人际关系与社交,社交活动与日常互动,轻松闲聊与玩笑,人际关系与社交 > 社交活动与日常互动 > 轻松闲聊与玩笑,standard,37,0.37,37,1091445563|1091445565|1091445567|1091445579|1091445587|1091445595|1091445603|1091445607|1091445613|1091445619|1091445623|1091445625|1091445633|1091445635|1091445637|1091445643|1091445647|1091445649|1091445657|1091445663|1091445665|1091445667|1091445669|1091445679|1091445681|1091445691|1091445693|1091445701|1091445709|1091445713|1091445715|1091445727|1091445729|1091445735|1091445737|1091445743|1091445745,围绕成员关系与称呼的玩笑互动,人际关系与社交 > 社交活动与日常互动 > 轻松闲聊与玩笑
A,S1000-0003,STI-5ffc2d6b58f62894a06a,corrected,problem,以家庭角色设定进行玩笑互动并邀请新成员,成员以母亲、孩子、保姆、双胞胎和单亲家庭等角色相互玩笑，并讨论邀请新成员加入群聊。,人际关系与社交,社交活动与日常互动,轻松闲聊与玩笑,人际关系与社交 > 社交活动与日常互动 > 轻松闲聊与玩笑,standard,49,0.49,49,1089103223|1089103229|1089103233|1089103249|1089103253|1089103255|1089103257|1089103261|1089103263|1089103269|1089103271|1089103275|1089103277|1089103301|1089103303|1089103305|1089103307|1089103311|1089103313|1089103315|1089103321|1089103323|1089103327|1089103329|1089103331|1089103335|1089103337|1089103339|1089103343|1089103347|1089103349|1089103351|1089103353|1089103359|1089103361|1089103363|1089103369|1089103371|1089103373|1089103375|1089103379|1089103381|1089103383|1089103385|1089103387|1089103399|1089103403|1089103405|1089103409,以家庭角色设定进行玩笑互动并邀请新成员,娱乐与创作 > 创作与角色文化 > 角色扮演与虚构互动
A,S1000-0004,STI-090cd6923b16b236f59b,accepted,agree,纪念视频剪辑与配乐选择,两人讨论制作纪念视频和光遇相关剪辑，包括剪辑思路、歌曲是否带歌词、纯音乐截取及候选配乐。,娱乐与创作,创作与角色文化,音视频创作,娱乐与创作 > 创作与角色文化 > 音视频创作,standard,32,0.32,32,1081728745|1081728753|1081728755|1081728757|1081728759|1081728763|1081728767|1081728771|1081728773|1081728775|1081728777|1081728783|1081728797|1081728805|1081728809|1081728811|1081728819|1081728821|1081728825|1081728827|1081728829|1081728831|1081728837|1081728841|1081728843|1081728849|1081728853|1081728855|1081728857|1081728859|1081728861|1081728863,纪念视频剪辑与配乐选择,娱乐与创作 > 创作与角色文化 > 音视频创作
A,S1000-0004,STI-30393de6cacc72a96258,accepted,agree,快闪活动探路与贵州出行,刘雨昕称将参加快闪活动并请对方探路，双方讨论活动中的魔法展示；她还提到次日前往贵州。,人际关系与社交,社交活动与日常互动,社交活动与见面,人际关系与社交 > 社交活动与日常互动 > 社交活动与见面,standard,8,0.08,8,1079675095|1079675099|1079675103|1079675107|1079675111|1079675115|1079675117|1079675119,快闪活动探路与贵州出行,人际关系与社交 > 社交活动与日常互动 > 社交活动与见面
A,S1000-0004,STI-7c5694d08793742dbad4,accepted,agree,9月生日直播与微博使用安排,两人讨论9月29日生日可能直播，以及届时微博账号能否使用。,人际关系与社交,社交活动与日常互动,社交活动与见面,人际关系与社交 > 社交活动与日常互动 > 社交活动与见面,standard,6,0.06,6,1081728731|1081728737|1081728739|1081728743|1081728747|1081728751,9月生日直播与微博使用安排,人际关系与社交 > 社交活动与日常互动 > 社交活动与见面
A,S1000-0004,STI-7ee1e6b337f2b9d71685,accepted,agree,补作业与英语听说作业截止时间,两人交流正在补作业，其中提及12小时截止时间和英语听说作业。,学习与学业内容,学习任务与评价,作业与练习,学习与学业内容 > 学习任务与评价 > 作业与练习,standard,8,0.08,8,1081728705|1081728707|1081728709|1081728711|1081728717|1081728719|1081728721|1081728725,补作业与英语听说作业截止时间,学习与学业内容 > 学习任务与评价 > 作业与练习
A,S1000-0005,STI-98842558c789241e975f,accepted,agree,黄金交易的进出场、止损和离场建议,黄鱼老张持续发布黄金交易的价格位置、做多做空、加减仓、止损、获利离场及行情判断建议。,金融与公共信息,金融与公共议题,金融市场与交易,金融与公共信息 > 金融与公共议题 > 金融市场与交易,standard,97,0.97,97,1082550221|1082550223|1082550225|1082550227|1082550229|1082550231|1082550233|1082550235|1082550237|1082550239|1082550241|1082550243|1082550245|1083839397|1083839399|1083839401|1083839403|1083839405|1083839407|1083839409|1083839411|1083839413|1083839415|1083839417|1083839419|1083839421|1083839423|1083839427|1083839429|1083839431|1083839433|1083839439|1083839441|1083839443|1085121999|1085122001|1086410167|1086410169|1086410171|1086410173|1086410175|1086410177|1086410179|1086410181|1086410183|1086410185|1086410187|1086410189|1086410191|1086410193|1086410195|1086410197|1086410199|1086410201|1086410203|1086410205|1087660717|1087660719|1087660721|1087660723|1087660725|1087660727|1087660729|1087660731|1087660733|1087660735|1087660737|1087660739|1087660741|1087660743|1092323303|1092323305|1092323307|1092323309|1092323311|1092323313|1092323315|1093649095|1093649097|1093649099|1093649101|1093649103|1093649105|1093649107|1093649109|1093649111|1093649113|1093649115|1093649117|1093649119|1093649121|1093649123|1094957077|1094957079|1094957081|1094957083|1094957085,黄金交易的进出场、止损和离场建议,金融与公共信息 > 金融与公共议题 > 金融市场与交易
A,S1000-0006,STI-141ab34b17421650daac,accepted,agree,电脑端登录与扫码排障,一方协助另一方在电脑端下载安装、扫码并最终完成登录。,数字平台与技术,账号与在线社群,账号与身份资料,数字平台与技术 > 账号与在线社群 > 账号与身份资料,standard,33,0.33,33,1107363833|1107363835|1107363837|1107363841|1107363843|1107363845|1107363847|1107363851|1107363853|1107363855|1107363857|1107363859|1107363861|1107363863|1107363865|1107363867|1107363869|1107363871|1107363873|1107363875|1107363879|1107363881|1107363885|1107363887|1107363891|1107363893|1107363895|1107363897|1107363901|1107363903|1107363905|1107363909|1107363911,电脑端登录与扫码排障,数字平台与技术 > 账号与在线社群 > 账号与身份资料
A,S1000-0006,STI-40e01cbd4e94be924fa6,accepted,agree,协助登录QQ账号,双方协调通过姐姐和验证码登录QQ，以便进入游戏。,数字平台与技术,账号与在线社群,账号与身份资料,数字平台与技术 > 账号与在线社群 > 账号与身份资料,standard,39,0.39,39,1107363741|1107363745|1107363749|1107363751|1107363753|1107363755|1107363757|1107363759|1107363763|1107363765|1107363767|1107363771|1107363773|1107363775|1107363777|1107363779|1107363781|1107363785|1107363787|1107363789|1107363791|1107363793|1107363795|1107363797|1107363801|1107363805|1107363807|1107363809|1107363811|1107363813|1107363815|1107363817|1107363819|1107363821|1107363823|1107363825|1107363827|1107363829|1107363831,协助登录QQ账号,数字平台与技术 > 账号与在线社群 > 账号与身份资料
A,S1000-0006,STI-fa70f5b359deab4cf11a,partially_corrected_unresolved,problem,手机无法取用与零食费用沟通,双方沟通手机无法取用、外出限制及代买零食后的费用支付方式（不能用手机支付）,日常生活与健康,生活与健康,日常生活与饮食,日常生活与健康 > 生活与健康 > 日常生活与饮食,standard,12,0.12,12,1106362049|1107363715|1107363717|1107363719|1107363721|1107363723|1107363725|1107363727|1107363731|1107363733|1107363735|1107363737,手机无法取用与零食费用沟通,教育与工作经济 > 研究与经济活动 > 消费与购买
A,S1000-0007,STI-01d9e03a556f417f8d9a,accepted,agree,钢琴练习任务与剩余课时,消息记录剩余课时，并提出奏鸣曲和Scherzo的练习要求。,,,,,short_candidate,2,0.02,2,1081364687|1081364689,钢琴练习任务与剩余课时,
A,S1000-0007,STI-06997ed6c2d3b196cbd0,accepted,agree,圣彼得堡与莫斯科的留学见闻,双方交流莫斯科和圣彼得堡的城市印象、饮食、夜间安全及留学回忆。,日常生活与健康,环境与出行,旅行与地点经历,日常生活与健康 > 环境与出行 > 旅行与地点经历,standard,24,0.24,24,1086334971|1086334973|1086334975|1086334977|1086334979|1086334981|1086334983|1086334985|1086334987|1086334989|1086334991|1086334993|1086334995|1086334997|1086334999|1086335001|1086335003|1086335005|1086335007|1086335009|1086335011|1086335013|1086335015|1086335017,圣彼得堡与莫斯科的留学见闻,日常生活与健康 > 环境与出行 > 旅行与地点经历
A,S1000-0007,STI-807cee9e374380cd3280,accepted,agree,钢琴演奏状态与音乐表达,双方讨论学生演奏的连贯性、读谱失误和技术与音乐表达的关系。,学习与学业内容,学科与技能学习,艺术技能学习,学习与学业内容 > 学科与技能学习 > 艺术技能学习,standard,18,0.18,18,1086334897|1086334899|1086334901|1086334903|1086334905|1086334907|1086334909|1086334911|1086334913|1086334915|1086334919|1086334917|1086334921|1086334923|1086334925|1086334927|1086334929|1086334931,钢琴演奏状态与音乐表达,学习与学业内容 > 学科与技能学习 > 艺术技能学习
A,S1000-0007,STI-845b8f3a9fc93a662df4,corrected,problem,周四钢琴课延后开始,双方确认周四钢琴课改为20:30开始，共上一节课。,课程运营与服务,课程排期与出勤,课程变更与补课,课程运营与服务 > 课程排期与出勤 > 课程变更与补课,short_candidate,4,0.04,4,1085041531|1085041533|1086334893|1086334895,周四钢琴课延后开始,
A,S1000-0007,STI-ee637ca6389a7b8c79b4,accepted,agree,艺术教学对象与教学表达,对话讨论艺术学习者减少、教师对不同学生的投入方式及个人教学表达。,教学与课程内容,教学材料与实施,教学方法与课堂活动,教学与课程内容 > 教学材料与实施 > 教学方法与课堂活动,standard,14,0.14,14,1086335019|1086335021|1086335023|1086335025|1086335027|1086335029|1086335031|1086335033|1086335035|1086335037|1086335039|1086335041|1086335043|1086335045,艺术教学对象与教学表达,教学与课程内容 > 教学材料与实施 > 教学方法与课堂活动
A,S1000-0007,STI-f4ff3b55bda890afe261,accepted,agree,俄罗斯钢琴学派与赛事讨论,双方谈及俄罗斯钢琴学派的音乐表达理念、比赛和俄罗斯被制裁的背景。,娱乐与创作,娱乐作品与活动,音乐与偶像文化,娱乐与创作 > 娱乐作品与活动 > 音乐与偶像文化,standard,22,0.22,22,1086334927|1086334929|1086334931|1086334933|1086334935|1086334937|1086334939|1086334941|1086334943|1086334945|1086334947|1086334949|1086334951|1086334953|1086334955|1086334957|1086334959|1086334961|1086334963|1086334965|1086334967|1086334969,俄罗斯钢琴学派与赛事讨论,娱乐与创作 > 娱乐作品与活动 > 音乐与偶像文化
A,S1000-0008,STI-30ffd603588244a68979,partially_corrected_unresolved,problem,Zoe公开课邀请与参课询问,聊天中转发Zoe公开课邀请，并询问是否能够参加公开课。（通过公开课来发起一个面对面的聊天），这里不是真的开展一个在线的课堂培训，而是用这种方式来实现视频的效果,课程运营与服务,课程服务管理,课程沟通与衔接,课程运营与服务 > 课程服务管理 > 课程沟通与衔接,standard,6,0.06,6,1099948019|1101176499|1103814639|1103814641|1103814643|1103814653,Zoe公开课邀请与参课询问,课程运营与服务 > 课程服务管理 > 课程沟通与衔接
A,S1000-0008,STI-ad296d253ba65b3e2979,corrected,problem,语音通话约定出去吃饭、游玩时间,双方协调吃饭、上课、亲戚来访和外出期间可聊天、通话或游玩的时间。,人际关系与社交,社交活动与日常互动,社交活动与见面,人际关系与社交 > 社交活动与日常互动 > 社交活动与见面,standard,18,0.18,18,1099947999|1099948003|1099948005|1099948009|1099948013|1099948017|1102473101|1103814607|1103814609|1103814611|1103814615|1103814617|1103814619|1103814621|1103814625|1103814627|1103814629|1103814633,联络并约定语音或游玩时间,数字平台与技术 > 账号与在线社群 > 在线联络与联系人
A,S1000-0008,STI-adbcb1fb3a04476cdfff,accepted,agree,误读文字引发的玩笑,一方讲述将文字误读后的反应，双方继续围绕读音和文字进行玩笑。,人际关系与社交,社交活动与日常互动,轻松闲聊与玩笑,人际关系与社交 > 社交活动与日常互动 > 轻松闲聊与玩笑,standard,12,0.12,12,1103814697|1103814699|1103814701|1103814703|1103814705|1103814707|1103814709|1103814711|1103814713|1103814715|1103814717|1103814719,误读文字引发的玩笑,人际关系与社交 > 社交活动与日常互动 > 轻松闲聊与玩笑
A,S1000-0009,STI-10effda585b42a470845,corrected,problem,手机受限导致联络中断与账号处理,双方解释近期联络中断，并谈及手机无法取得和使用家长手机号建立账号。,人际关系与社交,社交活动与日常互动,轻松闲聊与玩笑,人际关系与社交 > 社交活动与日常互动 > 轻松闲聊与玩笑,standard,16,0.16,16,1079764671|1088175617|1088175619|1088175621|1088175627|1088175629|1088175631|1088175633|1089232083|1089232085|1091576005|1091576009|1091576013|1091576015|1091576017|1091576019,手机受限导致联络中断与账号处理,数字平台与技术 > 账号与在线社群 > 账号与身份资料
A,S1000-0009,STI-264cf03c3cd11b063f16,accepted,agree,对高中生活与请假的看法,双方交流对高中生活的期待落差，以及请假时面对老师和家长的情况。,教育与工作经济,学校与教育路径,学校与校园生活,教育与工作经济 > 学校与教育路径 > 学校与校园生活,standard,21,0.21,21,1091576029|1091576031|1094211787|1094211799|1094211801|1096781645|1096781649|1098810017|1098810019|1098810023|1098810025|1098810027|1098810029|1098810031|1100064661|1100064663|1100064665|1100064671|1101359241|1101359243|1101359245,对高中生活与请假的看法,教育与工作经济 > 学校与教育路径 > 学校与校园生活
A,S1000-0009,STI-8631afa76c7fbc100660,accepted,agree,虚拟平台游戏与金蛋道具,双方讨论是否还玩虚拟平台、已花掉的金蛋，以及重新下载后赠送金蛋的提议。,娱乐与创作,娱乐作品与活动,电子游戏与游玩,娱乐与创作 > 娱乐作品与活动 > 电子游戏与游玩,standard,10,0.1,10,1096781653|1098810035|1098810037|1100064667|1100064669|1100064671|1101359249|1101359253|1102667345|1102667347,虚拟平台游戏与金蛋道具,娱乐与创作 > 娱乐作品与活动 > 电子游戏与游玩
A,S1000-0009,STI-f180c44763a4dadea82d,accepted,agree,虚拟平台好友引发的关系误会,一方因对方在虚拟平台的好友和头像产生关系疑问，双方随后澄清并确认不想分手。,人际关系与社交,人际关系与身份,恋爱与亲密关系,人际关系与社交 > 人际关系与身份 > 恋爱与亲密关系,standard,27,0.27,27,1101359251|1101359255|1102667343|1102667345|1102667347|1104023735|1104023737|1104023739|1104023741|1104023743|1104023745|1104023747|1104023749|1104023751|1104023753|1104023755|1104023757|1104023759|1104023761|1104023763|1104023765|1104023767|1104023769|1104023771|1105334921|1105334923|1105334925,虚拟平台好友引发的关系误会,人际关系与社交 > 人际关系与身份 > 恋爱与亲密关系
A,S1000-0010,STI-1fb35021550b9aba28e9,accepted,agree,作业完成状态未被系统确认,学生反馈完成作业后平台未显示已完成，另一名成员表示遇到同样问题。,,,,,short_candidate,4,0.04,4,1112309829|1112309831|1112309833|1112309835,作业完成状态未被系统确认,
A,S1000-0010,STI-49fd38b0b1a924ba6d73,accepted,agree,课堂用语与交流范围提醒,群内提醒避免不当用语，并要求课堂交流以学习相关内容为主。,,,,,short_candidate,3,0.03,3,1109581063|1109581069|1110902979,课堂用语与交流范围提醒,
A,S1000-0010,STI-709d2c813ed5d42f16b4,accepted,agree,Zoom课堂链接与当晚是否上课,成员询问Zoom课堂链接和当晚是否上课，聊天中出现不同回复。,课程运营与服务,在线课程运行,在线教室与课程接入,课程运营与服务 > 在线课程运行 > 在线教室与课程接入,standard,11,0.11,11,1109581015|1109581021|1109581023|1109581025|1109581027|1109581029|1109581031|1109581033|1109581035|1109581037|1109581039,Zoom课堂链接与当晚是否上课,课程运营与服务 > 在线课程运行 > 在线教室与课程接入
A,S1000-0010,STI-c66aa1a29f27cab726ab,corrected,problem,课前及课后作业要求,群内提醒学员课前完成作业，并布置Lesson 52和53作业。,学习与学业内容,学习任务与评价,作业与练习,学习与学业内容 > 学习任务与评价 > 作业与练习,short_candidate,3,0.03,3,1093623689|1108281353|1109581079,课前及课后作业要求,
A,S1000-0010,STI-da39e604b6d5cc31c99b,accepted,agree,学习平台登录与作业提交协助,成员分享操作指引，并协助学生登录学习平台、识别账号信息和处理无法登录的问题。,数字平台与技术,账号与在线社群,账号与身份资料,数字平台与技术 > 账号与在线社群 > 账号与身份资料,standard,29,0.29,29,1103431889|1103431897|1103431899|1103431901|1103431903|1103431905|1103431907|1103431911|1103431913|1104765839|1104765847|1104765849|1105948043|1107037265|1107037267|1107037269|1107037271|1107037273|1107037275|1107037277|1107037279|1107037281|1107037283|1107037285|1107037287|1107037289|1107037291|1107037293|1108281351,学习平台登录与作业提交协助,数字平台与技术 > 账号与在线社群 > 账号与身份资料
A,S1000-0010,STI-ee86a5a5a6932f09f739,accepted,agree,催促学员进入课堂,群内多次点名并催促成员进入课堂学习。,课程运营与服务,在线课程运行,在线教室与课程接入,课程运营与服务 > 在线课程运行 > 在线教室与课程接入,standard,6,0.06,6,1086386401|1092298893|1103431887|1109581071|1109581073|1109581075,催促学员进入课堂,课程运营与服务 > 在线课程运行 > 在线教室与课程接入
A,S1000-0011,STI-3c97e631a2fede6c83b6,accepted,agree,发电课程材料是否收到,学生提到上节发电课程材料较多，并询问对方是否收到材料。,,,,,short_candidate,2,0.02,2,1093912991|1093912993,发电课程材料是否收到,
A,S1000-0011,STI-3cb016b90b168576c8c1,accepted,agree,提前五分钟上课,学生转述老师可能要求提前五分钟上课。,,,,,short_candidate,3,0.03,3,1093912985|1093912987|1093912989,提前五分钟上课,
A,S1000-0011,STI-3ea0fb0c2b5ce5f28a9b,accepted,agree,通过加号拍照发送图片,学生说明可通过消息栏加号中的相机拍照并发送图片。,数字平台与技术,课堂工具与数字媒体,数字媒体与文件处理,数字平台与技术 > 课堂工具与数字媒体 > 数字媒体与文件处理,standard,6,0.06,6,1095222281|1102352317|1102352323|1102352325|1102352327|1102352329,通过加号拍照发送图片,数字平台与技术 > 课堂工具与数字媒体 > 数字媒体与文件处理
A,S1000-0011,STI-488ffaf76351dfcdc0f1,accepted,agree,异地携带课程材料,学生询问回成都时如何带走材料，另一名学生建议装入箱子或袋子。,,,,,short_candidate,4,0.04,4,1095222267|1095222269|1095222273|1095222275,异地携带课程材料,
A,S1000-0011,STI-83efbf7bcfbf8ebd022a,accepted,agree,班级群聊天规则,学生询问群内聊天情况，教师说明可以正常聊天，但不当发言会被禁言。,数字平台与技术,账号与在线社群,群组与社群设置,数字平台与技术 > 账号与在线社群 > 群组与社群设置,standard,6,0.06,6,1093913041|1093913043|1093913051|1093913053|1093913055|1093913057,班级群聊天规则,数字平台与技术 > 账号与在线社群 > 群组与社群设置
A,S1000-0011,STI-afa07903cf0325b51d50,accepted,agree,作业完成与提交评价,学生交流作业完成情况并展示作品，教师确认收到并给予肯定。,学习与学业内容,学习任务与评价,作业与练习,学习与学业内容 > 学习任务与评价 > 作业与练习,standard,6,0.06,6,1093913023|1093913025|1102352319|1102352337|1102352339|1102352341,作业完成与提交评价,学习与学业内容 > 学习任务与评价 > 作业与练习
A,S1000-0011,STI-f465c15f5799da0ac687,accepted,agree,共同使用成长页黑板功能,学生讨论成长页中的黑板功能，并尝试约定在同一时间进入使用。,数字平台与技术,课堂工具与数字媒体,在线课堂工具使用,数字平台与技术 > 课堂工具与数字媒体 > 在线课堂工具使用,standard,10,0.1,10,1093913045|1093913047|1093913049|1096487497|1098548281|1101038635|1101038637|1102352291|1102352293|1102352295,共同使用成长页黑板功能,数字平台与技术 > 课堂工具与数字媒体 > 在线课堂工具使用
A,S1000-0012,STI-119a54db6d4dfb078146,accepted,agree,交易仓位与止损安排,班主任反复提醒控制仓位、避免重仓，并说明止损、分批布局和中长线的处理方式。,金融与公共信息,金融与公共议题,金融市场与交易,金融与公共信息 > 金融与公共议题 > 金融市场与交易,standard,13,0.13,13,1080414561|1080414567|1080414577|1080414583|1080414585|1080414599|1080414613|1080414627|1082558735|1082558745|1082558749|1083848219|1083848223,交易仓位与止损安排,金融与公共信息 > 金融与公共议题 > 金融市场与交易
A,S1000-0012,STI-d7014661c883b0b1e400,accepted,agree,是否提供进出场提示,学生希望获得进出场提示，班主任回应不会喊单，只会发布个人分析思路。,金融与公共信息,金融与公共议题,金融市场与交易,金融与公共信息 > 金融与公共议题 > 金融市场与交易,standard,5,0.05,5,1080414589|1080414609|1080414611|1080414613|1080414615,是否提供进出场提示,金融与公共信息 > 金融与公共议题 > 金融市场与交易
A,S1000-0012,STI-dab3e841a165e131ad39,accepted,agree,黄金价格区间与后市判断,群内讨论黄金的支撑、压力与关键价位，并对8月及下周可能走势作出判断。,金融与公共信息,金融与公共议题,金融市场与交易,金融与公共信息 > 金融与公共议题 > 金融市场与交易,standard,26,0.26,26,1080414487|1080414495|1080414499|1080414503|1080414509|1080414511|1080414517|1080414519|1080414523|1080414525|1080414527|1080414529|1080414531|1080414533|1080414535|1080414621|1080414623|1080414625|1081423025|1081423027|1081423029|1082558729|1082558739|1082558743|1083848217|1083848219,黄金价格区间与后市判断,金融与公共信息 > 金融与公共议题 > 金融市场与交易
A,S1000-0013,STI-8297e88f6cb4fa86f4ad,accepted,agree,晚间腾讯会议安排,班主任发布连续多日的晚间腾讯会议时间、会议号和入会信息。,课程运营与服务,在线课程运行,在线教室与课程接入,课程运营与服务 > 在线课程运行 > 在线教室与课程接入,special_business,4,0.04,4,1082947895|1084200657|1085473655|1086717945,晚间腾讯会议安排,课程运营与服务 > 在线课程运行 > 在线教室与课程接入
A,S1000-0013,STI-a0362f21a8c0b7512a44,accepted,agree,交易止损与仓位管理,班主任要求控制仓位、设置止损、不随意扛单，并说明补仓和止盈应按个人方式处理。,金融与公共信息,金融与公共议题,金融市场与交易,金融与公共信息 > 金融与公共议题 > 金融市场与交易,standard,18,0.18,18,1084200655|1085473613|1085473615|1085473617|1085473625|1085473627|1085473629|1085473631|1085473637|1085473657|1086717915|1086717947|1086717949|1087960707|1087960709|1087960711|1087960713|1087960721,交易止损与仓位管理,金融与公共信息 > 金融与公共议题 > 金融市场与交易
A,S1000-0013,STI-b5eaed4ecf93a8d72724,accepted,agree,白天群与晚间直播参与安排,班主任说明可按时间和状态选择白天群或晚间直播参与，并要求遵守规则。,特殊内容主题,敏感与未见内容,其他/待细分主题,特殊内容主题 > 敏感与未见内容 > 其他/待细分主题,standard,8,0.08,8,1082947897|1084200627|1084200635|1085473619|1085473635|1085473641|1085473643|1086717919,白天群与晚间直播参与安排,特殊内容主题 > 敏感与未见内容 > 其他/待细分主题
A,S1000-0013,STI-e1f6c3bd28e5ec579845,accepted,agree,黄金关键价位与交易方向分析,群内持续讨论黄金价格的突破、回踩、支撑、压制及后续目标价位。,金融与公共信息,金融与公共议题,金融市场与交易,金融与公共信息 > 金融与公共议题 > 金融市场与交易,standard,31,0.31,31,1084200629|1084200631|1084200633|1084200639|1084200641|1084200643|1084200645|1084200647|1085473613|1085473621|1085473625|1085473637|1085473639|1085473645|1085473649|1085473651|1085473653|1085473659|1085473661|1086717913|1086717915|1086717921|1086717933|1086717935|1086717937|1086717939|1086717941|1086717943|1087960705|1087960717|1087960719,黄金关键价位与交易方向分析,金融与公共信息 > 金融与公共议题 > 金融市场与交易
A,S1000-0013,STI-ff3239e2a8ddffa08252,accepted,agree,迁入新ClassIn群并统一昵称时间,群内要求成员进入新的ClassIn群、退出旧群并将昵称和时间格式保持一致，同时保留QQ群作为备用。,数字平台与技术,账号与在线社群,群组与社群设置,数字平台与技术 > 账号与在线社群 > 群组与社群设置,standard,23,0.23,23,1082947875|1082947877|1082947879|1082947881|1082947883|1082947887|1082947889|1082947891|1082947893|1087960723|1087960725|1087960727|1087960729|1087960731|1087960733|1087960735|1087960737|1087960739|1087960741|1087960743|1087960745|1087960747|1087960749,迁入新ClassIn群并统一昵称时间,数字平台与技术 > 账号与在线社群 > 群组与社群设置
A,S1000-0014,STI-9cdf04a7104ff64448e4,accepted,agree,恋爱对象介绍与同伴调侃,群成员围绕各自恋爱对象进行介绍、展示请求、身份澄清和玩笑互动。,人际关系与社交,人际关系与身份,恋爱与亲密关系,人际关系与社交 > 人际关系与身份 > 恋爱与亲密关系,standard,41,0.41,41,1095408009|1095408011|1095408017|1095408025|1095408027|1095408049|1095408051|1095408057|1095408063|1095408073|1095408087|1095408091|1095408103|1095408105|1095408107|1095408109|1095408113|1095408115|1095408117|1095408119|1095408121|1095408123|1095408125|1095408129|1095408131|1095408133|1095408135|1095408149|1095408155|1095408157|1095408159|1095408163|1095408167|1095408171|1095408185|1095408187|1095408189|1095408193|1095408197|1095408199|1095408203,恋爱对象介绍与同伴调侃,人际关系与社交 > 人际关系与身份 > 恋爱与亲密关系
A,S1000-0015,STI-0da9713141c13865a1f0,accepted,agree,Leo学员身份与建群确认,教师确认新固定学员Leo的身份，协调人说明是不同学员并创建新的沟通群。,,,,,short_candidate,4,0.04,4,1105335409|1105335411|1105335413|1105335415,Leo学员身份与建群确认,
A,S1000-0015,STI-178c1b431bb13433cf92,accepted,agree,课程时间调整与确认,教师与协调人沟通多个学员的上课时间调整、可用时段、家长确认和课程转移。,课程运营与服务,课程排期与出勤,课程变更与补课,课程运营与服务 > 课程排期与出勤 > 课程变更与补课,standard,24,0.24,24,1081833591|1081833593|1081833595|1081833597|1081833599|1081833601|1081833603|1083070273|1083070275|1084380265|1084380267|1084380271|1084380275|1084380277|1084380281|1084380283|1084380285|1088176069|1088176071|1088176073|1088176075|1105335403|1105335405|1105335407,课程时间调整与确认,课程运营与服务 > 课程排期与出勤 > 课程变更与补课
A,S1000-0015,STI-37fa0c688e7b09c4200f,accepted,agree,因Silver生病取消Luca课程,教师因Silver身体不适请求取消Luca课程，协调人同意通知家长并建议就医，随后收到治疗情况更新。,课程运营与服务,课程排期与出勤,课程变更与补课,课程运营与服务 > 课程排期与出勤 > 课程变更与补课,standard,5,0.05,5,1101360053|1101360055|1101360057|1101360059|1102667781,因Silver生病取消Luca课程,课程运营与服务 > 课程排期与出勤 > 课程变更与补课
A,S1000-0015,STI-40493d23b43c65a20936,accepted,agree,课程反馈与教材资料处理,教师询问缺少课堂数据和黑板笔记时的反馈方式，后续又确认教材名称、PPT位置及学习安排。,教学与课程内容,教学反馈与记录,教学反馈与质量,教学与课程内容 > 教学反馈与记录 > 教学反馈与质量,standard,15,0.15,15,1079765119|1079765121|1079765123|1079765125|1094212893|1094212895|1094212897|1094212899|1098810771|1098810773|1098810777|1098810779|1098810781|1098810783|1098810785,课程反馈与教材资料处理,教学与课程内容 > 教学反馈与记录 > 教学反馈与质量
A,S1000-0015,STI-5c7d67362a8bba37df3f,accepted,agree,授课节数与奖励通知,协调人两次告知教师周期授课节数，并说明因课量或一对二授课获得的奖励。,课程运营与服务,课程服务管理,课程费用与薪酬,课程运营与服务 > 课程服务管理 > 课程费用与薪酬,standard,10,0.1,10,1081833583|1081833585|1081833587|1081833589|1090246441|1090246443|1097829001|1097829003|1098810767|1098810769,授课节数与奖励通知,课程运营与服务 > 课程服务管理 > 课程费用与薪酬
A,S1000-0015,STI-916df4eed9fc8c1b0bd2,accepted,agree,学员到课与未入教室处理,教师与协调人处理多名学员未进入教室、迟到、家长请假及联系家长等到课情况。,课程运营与服务,课程排期与出勤,到课与缺勤处理,课程运营与服务 > 课程排期与出勤 > 到课与缺勤处理,standard,26,0.26,26,1079765127|1081833607|1081833609|1084380269|1089232695|1089232697|1092898479|1092898481|1092898483|1092898485|1092898487|1092898489|1092898495|1092898497|1092898501|1092898503|1092898505|1094212885|1094212887|1094212889|1094212891|1102667783|1102667785|1102667787|1105335417|1105335419,学员到课与未入教室处理,课程运营与服务 > 课程排期与出勤 > 到课与缺勤处理
A,S1000-0015,STI-b524e53f3bb1f2939c0f,accepted,agree,Apple课堂注意力与教学方式,教师反映Apple上课注意力不足并询问能否改用游戏，协调人说明其近期使用电脑和作业情况。,学习与学业内容,学习任务与评价,学习表现与反馈,学习与学业内容 > 学习任务与评价 > 学习表现与反馈,standard,6,0.06,6,1083070279|1083070281|1083070283|1083070285|1083070287|1083070289,Apple课堂注意力与教学方式,学习与学业内容 > 学习任务与评价 > 学习表现与反馈
A,S1000-0016,STI-097a7b999ac01fdb810b,accepted,agree,某行为的合法性与配音演员维权,成员讨论某行为是否违法，以及配音演员维权的困难。,金融与公共信息,金融与公共议题,安全、法律与风险,金融与公共信息 > 金融与公共议题 > 安全、法律与风险,standard,7,0.07,7,1081824059|1081824061|1081824063|1081824065|1081824067|1081824069|1081824071,某行为的合法性与配音演员维权,金融与公共信息 > 金融与公共议题 > 安全、法律与风险
A,S1000-0016,STI-4c3a3e617e5e5671122c,corrected,problem,假期补课与自学安排,成员交流假期补课上课时间及本月自行学习的安排。,学习与学业内容,学习任务与评价,学习计划与资源,学习与学业内容 > 学习任务与评价 > 学习计划与资源,standard,7,0.07,7,1081823933|1081823935|1081823937|1081823941|1081823943|1081823953|1081823955,假期补课与自学安排,课程运营与服务 > 课程排期与出勤 > 课程变更与补课
A,S1000-0016,STI-c04e3d97b7d7f919a785,accepted,agree,动画《八仙》角色与配对讨论,成员讨论动画《八仙》的观看感受、角色关系、角色形象及后续内容。,娱乐与创作,娱乐作品与活动,影视动漫与文学作品,娱乐与创作 > 娱乐作品与活动 > 影视动漫与文学作品,standard,31,0.31,31,1081823947|1081823949|1081823957|1081823959|1081823961|1081823963|1081823965|1081823967|1081823969|1081823971|1081823973|1081823975|1081823977|1081824007|1081824009|1081824011|1081824013|1081824015|1081824017|1081824019|1081824021|1081824023|1081824025|1081824029|1081824031|1081824033|1081824035|1081824037|1081824039|1081824041|1081824043,动画《八仙》角色与配对讨论,娱乐与创作 > 娱乐作品与活动 > 影视动漫与文学作品
A,S1000-0016,STI-c9c5619ddfe11d588df4,accepted,agree,补课班课程与学生情况,成员讨论补课班的学生性别情况、所上课程及在班内的感受。,人际关系与社交,人际关系与身份,同伴关系与互动,人际关系与社交 > 人际关系与身份 > 同伴关系与互动,standard,7,0.07,7,1079756203|1079756205|1079756207|1079756209|1079756211|1079756213|1079756219,补课班课程与学生情况,人际关系与社交 > 人际关系与身份 > 同伴关系与互动
A,S1000-0017,STI-197fa36ff9ea0198cc15,accepted,agree,语文作业提交、订正与作文批改,师生围绕语文作业和作文的提交、订正、誊写及修改意见交流。,学习与学业内容,学习任务与评价,作业与练习,学习与学业内容 > 学习任务与评价 > 作业与练习,standard,58,0.58,58,1080732927|1081740413|1081740415|1081740425|1081740427|1081740429|1081740431|1081740433|1082976239|1082976243|1082976245|1082976247|1082976249|1084287549|1084287551|1084287553|1084287555|1084287557|1084287559|1084287561|1084287563|1084287565|1084287569|1084287571|1084287573|1084287577|1084287579|1085586517|1085586519|1085586521|1085586523|1085586525|1085586527|1086840145|1086840147|1088096501|1088096503|1088096505|1089162795|1089162797|1089162799|1089162801|1089162803|1089162805|1090156879|1090156881|1091482485|1091482487|1091482489|1092810073|1094123823|1094123825|1096698257|1097765755|1097765757|1097765759|1098726127|1098726129,语文作业提交、订正与作文批改,学习与学业内容 > 学习任务与评价 > 作业与练习
A,S1000-0017,STI-eafbe5beabaae991a8b8,accepted,agree,书展参观与购书,成员交流书展人流情况，并分享自己和家长购买的图书。,教育与工作经济,研究与经济活动,消费与购买,教育与工作经济 > 研究与经济活动 > 消费与购买,standard,6,0.06,6,1097765761|1097765763|1097765765|1097765767|1097765769|1097765771,书展参观与购书,教育与工作经济 > 研究与经济活动 > 消费与购买
A,S1000-0017,STI-eee5d2b9a552b4075ad3,accepted,agree,暑期运动与体重目标,成员交流暑期运动、舞蹈课和开学前的体重目标。,日常生活与健康,生活与健康,运动与身体锻炼,日常生活与健康 > 生活与健康 > 运动与身体锻炼,standard,5,0.05,5,1088096509|1088096511|1088096513|1088096515|1088096517,暑期运动与体重目标,日常生活与健康 > 生活与健康 > 运动与身体锻炼
A,S1000-0017,STI-fc1a31e5968910612b77,accepted,agree,语文文本分析理解与课堂讲解,成员讨论语文分析题的理解困难，并提到后续课堂讲解和预习。,学习与学业内容,学科与技能学习,语文与中文学习,学习与学业内容 > 学科与技能学习 > 语文与中文学习,standard,11,0.11,11,1090156885|1090156887|1091482489|1091482491|1091482497|1091482499|1091482501|1091482503|1091482505|1091482507|1091482509,语文文本分析理解与课堂讲解,学习与学业内容 > 学科与技能学习 > 语文与中文学习
A,S1000-0018,STI-368670ca75e8eb7af21d,accepted,agree,师生添加联系方式,学生因身份验证延迟添加教师，并请求教师重新发送二维码或相关内容。,数字平台与技术,账号与在线社群,在线联络与联系人,数字平台与技术 > 账号与在线社群 > 在线联络与联系人,standard,13,0.13,13,1089840961|1089840963|1089840965|1089840967|1089840969|1097423381|1097423383|1097423385|1098414281|1098414289|1098414291|1098414293|1098414295,师生添加联系方式,数字平台与技术 > 账号与在线社群 > 在线联络与联系人
A,S1000-0018,STI-7b5859bb7969e32bc1a1,accepted,agree,未及时回复与教师休息说明,学生就教师未及时回复提出询问，教师说明生病休息并表示未忽略学生。,日常生活与健康,生活与健康,健康与医疗,日常生活与健康 > 生活与健康 > 健康与医疗,standard,34,0.34,34,1098414317|1098414319|1098414321|1098414323|1098414325|1098414331|1098414333|1098414335|1098414343|1098414347|1098414353|1098414355|1098414359|1098414371|1098414375|1098414377|1098414379|1098414381|1098414383|1098414385|1098414387|1098414389|1098414391|1098414393|1098414411|1098414413|1098414415|1098414417|1098414419|1098414421|1098414423|1098414433|1098414435|1098414437,未及时回复与教师休息说明,日常生活与健康 > 生活与健康 > 健康与医疗
A,S1000-0019,STI-420c3f994876ea93df9b,accepted,agree,课程请假、调课与固定排课,成员就课程请假、取消、补课、改期和暑期固定排课时间进行协调。,课程运营与服务,课程排期与出勤,课程变更与补课,课程运营与服务 > 课程排期与出勤 > 课程变更与补课,standard,41,0.41,41,1080335489|1080335491|1080335493|1080335495|1080335499|1080335501|1080335503|1080335505|1080335507|1081358127|1081358129|1089764535|1089764537|1089764539|1089764555|1089764557|1090937995|1090937997|1090937999|1090938001|1092238259|1093562209|1094870453|1094870455|1097345309|1098347991|1098348001|1098348003|1099454527|1099454529|1099454531|1099454533|1099454535|1099454537|1099454539|1099454541|1100725379|1103372185|1103372187|1106997943|1106997945,课程请假、调课与固定排课,课程运营与服务 > 课程排期与出勤 > 课程变更与补课
A,S1000-0019,STI-bca6d2695704deacb5e4,accepted,agree,上课提醒与进入教室,成员发送上课提醒、确认学生在线状态，并协调进入在线教室和会议号。,课程运营与服务,在线课程运行,在线教室与课程接入,课程运营与服务 > 在线课程运行 > 在线教室与课程接入,standard,20,0.2,20,1090937983|1090937985|1090937987|1090937989|1090937991|1090937993|1092238269|1092238271|1092238273|1092238275|1098347993|1098347995|1098347997|1098347999|1099454543|1099454545|1103372183|1106997937|1106997939|1106997941,上课提醒与进入教室,课程运营与服务 > 在线课程运行 > 在线教室与课程接入
A,S1000-0019,STI-fd7a9058103f2e9f4c51,accepted,agree,英语教材与课件准备,成员交流英语教材和课件的发送、版本、适配、学习进度及文件打开问题。,教学与课程内容,教学材料与实施,教材与材料选择,教学与课程内容 > 教学材料与实施 > 教材与材料选择,standard,36,0.36,36,1089764541|1089764543|1089764545|1089764547|1089764549|1089764551|1090937979|1090937981|1090937997|1090937999|1092238261|1092238263|1092238265|1092238267|1093562195|1093562197|1093562199|1093562201|1093562203|1093562205|1093562207|1094870433|1094870435|1094870437|1094870439|1094870443|1094870445|1094870447|1094870449|1094870451|1100725381|1105901691|1105901693|1105901695|1106997947|1106997949,英语教材与课件准备,教学与课程内容 > 教学材料与实施 > 教材与材料选择
A,S1000-0020,STI-a4ae91019f7b46e0729f,accepted,agree,游戏组队与账号互加,成员询问是否有人玩“超自然”，回应可玩并提供账号信息。,,,,,short_candidate,3,0.03,3,1098531713|1098531715|1098531717,游戏组队与账号互加,
A,S1000-0020,STI-cacc7e372fb1aab7e899,accepted,agree,迁移至新班级群,班主任邀请成员加入新班级群，说明后续在该群活动，并要求不要转发链接。,数字平台与技术,账号与在线社群,群组与社群设置,数字平台与技术 > 账号与在线社群 > 群组与社群设置,special_business,4,0.04,4,1106129415|1106129417|1106129419|1106129421,迁移至新班级群,数字平台与技术 > 账号与在线社群 > 群组与社群设置
A,S1000-0021,STI-18040d8bccefec2b8a47,accepted,agree,动漫圈层兴趣交流,成员交流各自关注的动漫及相关圈层。,娱乐与创作,娱乐作品与活动,影视动漫与文学作品,娱乐与创作 > 娱乐作品与活动 > 影视动漫与文学作品,standard,7,0.07,7,1103556193|1103556195|1103556197|1103556199|1103556201|1103556203|1103556205,动漫圈层兴趣交流,娱乐与创作 > 娱乐作品与活动 > 影视动漫与文学作品
A,S1000-0021,STI-4b30ba59953c74fa3c56,accepted,agree,抑郁症辩题辩论赛投票与报名,班主任组织以“抑郁症患者是否应被当作特殊人群对待”为题的辩论赛，征集投票和报名并说明流程。,教育与工作经济,学校与教育路径,学校与校园生活,教育与工作经济 > 学校与教育路径 > 学校与校园生活,standard,44,0.44,44,1087768267|1087768269|1091132677|1091132681|1091132685|1091132691|1091132693|1091132695|1091132699|1091132701|1091132703|1091132705|1091132707|1091132709|1091132711|1091132713|1092438979|1092438983|1092438985|1092438987|1092438991|1093763553|1093763555|1096348213|1096348215|1096348217|1096348219|1096348221|1096348229|1096348235|1096348239|1096348241|1096348243|1096348247|1096348249|1096348251|1096348273|1096348275|1096348277|1096348279|1096348281|1096348283|1096348285|1096348287,抑郁症辩题辩论赛投票与报名,教育与工作经济 > 学校与教育路径 > 学校与校园生活
A,S1000-0021,STI-8a3f1aab852ddba182e4,accepted,agree,新成员加入与班级来源询问,群内欢迎新成员，成员询问班级与C计划的关联。,,,,,short_candidate,4,0.04,4,1098464813|1102214341|1103556177|1103556191,新成员加入与班级来源询问,
A,S1000-0021,STI-c35ed6fa1a769df248a0,accepted,agree,失眠与睡眠作息,成员讨论一名成员失眠后晚睡晚起的情况。,,,,,short_candidate,4,0.04,4,1103556179|1103556181|1103556183|1103556185,失眠与睡眠作息,
A,S1000-0021,STI-f0832637c04ac02e64f4,accepted,agree,视频剪辑与追星交流,成员交流视频剪辑，并谈及各自追星的艺人。,娱乐与创作,创作与角色文化,音视频创作,娱乐与创作 > 创作与角色文化 > 音视频创作,standard,10,0.1,10,1093763559|1093763561|1095067753|1095067755|1095067757|1096348207|1096348223|1096348227|1096348231|1096348233,视频剪辑与追星交流,娱乐与创作 > 创作与角色文化 > 音视频创作
A,S1000-0022,STI-a6493cfa287394d573e0,accepted,agree,盘中行情判断与个股操作交流,群成员讨论盘中指数走势、仓位策略及多只股票的交易和持仓判断。,金融与公共信息,金融与公共议题,金融市场与交易,金融与公共信息 > 金融与公共议题 > 金融市场与交易,standard,93,0.93,93,1096649069|1096649071|1096649073|1096649075|1096649077|1096649079|1096649081|1096649083|1096649087|1096649089|1096649091|1096649093|1096649095|1096649097|1096649099|1096649101|1096649103|1096649105|1096649107|1096649109|1096649111|1096649113|1096649117|1096649119|1096649121|1096649123|1096649125|1096649127|1096649129|1096649131|1096649133|1096649135|1096649137|1096649141|1096649143|1096649145|1096649147|1096649149|1096649151|1096649155|1096649157|1096649159|1096649161|1096649163|1096649165|1096649167|1096649169|1096649171|1096649173|1096649175|1096649177|1096649179|1096649181|1099871647|1099871649|1099871651|1099871653|1099871655|1099871657|1099871659|1099871661|1099871663|1099871665|1099871667|1099871669|1099871671|1099871673|1099871675|1099871677|1099871679|1099871681|1099871683|1099871685|1099871687|1099871689|1099871691|1099871693|1099871695|1099871697|1099871699|1099871701|1099871703|1099871705|1099871707|1099871709|1099871711|1099871713|1099871715|1099871717|1099871719|1099871721|1099871723|1099871725,盘中行情判断与个股操作交流,金融与公共信息 > 金融与公共议题 > 金融市场与交易
A,S1000-0023,STI-a41f9e2b4e5dadf13fb1,accepted,agree,鬼灭之刃原创角色设定与互动扮演,成员协商鬼灭之刃原创角色的世界观、人物关系和背景，并开始进行角色互动。,娱乐与创作,创作与角色文化,角色扮演与虚构互动,娱乐与创作 > 创作与角色文化 > 角色扮演与虚构互动,standard,85,0.85,85,1094069729|1094069731|1094069733|1094069735|1094069737|1094069739|1094069747|1094069749|1094069751|1094069755|1094069757|1094069765|1094069767|1094069769|1094069771|1094069773|1094069775|1094069777|1094069781|1094069783|1094069789|1094069791|1094069793|1094069795|1094069797|1094069799|1094069801|1094069803|1094069805|1094069807|1094069809|1094069811|1094069815|1094069817|1094069819|1094069821|1094069823|1094069825|1094069827|1094069829|1094069831|1094069833|1094069835|1094069837|1094069839|1094069841|1094069843|1094069849|1094069851|1094069853|1094069855|1094069857|1094069859|1094069861|1094069863|1094069865|1094069867|1094069869|1094069871|1094069873|1094069875|1094069877|1094069879|1094069881|1094069883|1094069885|1094069887|1094069889|1094069891|1094069893|1094069895|1094069897|1094069899|1094069901|1094069903|1094069905|1094069907|1094069909|1094069911|1094069913|1094069915|1094069917|1094069919|1094069921|1094069923,鬼灭之刃原创角色设定与互动扮演,娱乐与创作 > 创作与角色文化 > 角色扮演与虚构互动
A,S1000-0024,STI-7317918b7211cfdb64fb,accepted,agree,新生首课通知与准备要求,助教多次通知教师新生首课时间，并提示课前准备、家长沟通和课后反馈要求。,课程运营与服务,课程服务管理,课程沟通与衔接,课程运营与服务 > 课程服务管理 > 课程沟通与衔接,standard,11,0.11,11,1080621467|1084107381|1087900139|1088981893|1089981701|1093882085|1095193293|1096460067|1097571349|1098533641|1103670365,新生首课通知与准备要求,课程运营与服务 > 课程服务管理 > 课程沟通与衔接
A,S1000-0024,STI-97c3d224af0c4fcda972,accepted,agree,九月可预约时段开放与核对,群内通知教师开放九月时段、保持固定周排班并在统一预约后核对课程表。,,,,,short_candidate,4,0.04,4,1093882087|1093882089|1093882093|1093882095,九月可预约时段开放与核对,
A,S1000-0024,STI-9ef16a5c9a0d794249aa,accepted,agree,学生教材与授课内容确认,教师与助教确认多名学生应使用的教材、页码及授课内容。,教学与课程内容,教学材料与实施,教材与课程进度,教学与课程内容 > 教学材料与实施 > 教材与课程进度,standard,20,0.2,20,1082814075|1082814077|1084107381|1085390321|1085390323|1085390325|1085390327|1086651467|1086651469|1096460071|1096460073|1096460075|1096460077|1096460079|1102327053|1102327055|1103670363|1103670367|1103670369|1104985769,学生教材与授课内容确认,教学与课程内容 > 教学材料与实施 > 教材与课程进度
A,S1000-0024,STI-b64b20b437a6910de0d1,accepted,agree,授课设备与网络故障处理,教师与助教处理停电、网络不稳和摄像头异常，并协调取消、恢复及补足课程时间。,数字平台与技术,数字技术与访问,连接与设备故障,数字平台与技术 > 数字技术与访问 > 连接与设备故障,standard,30,0.3,30,1080621469|1080621471|1080621473|1080621475|1080621477|1080621479|1080621481|1080621483|1080621485|1080621487|1081604179|1081604181|1081604183|1081604185|1081604187|1081604189|1081604191|1081604193|1081604195|1081604197|1081604199|1081604201|1081604203|1081604205|1086651481|1095193297|1095193299|1098533645|1098533647|1098533649,授课设备与网络故障处理,数字平台与技术 > 数字技术与访问 > 连接与设备故障
A,S1000-0024,STI-d17548a5f40950864cbc,accepted,agree,学生迟到缺席与家长联系,教师报告多名学生迟到或缺席，助教协调联系家长并说明处理方式。,课程运营与服务,课程排期与出勤,到课与缺勤处理,课程运营与服务 > 课程排期与出勤 > 到课与缺勤处理,standard,28,0.28,28,1084107383|1084107385|1084107387|1084107389|1084107391|1084107393|1084107395|1084107397|1085390329|1085390331|1086651473|1086651475|1086651477|1086651479|1088981897|1088981899|1088981901|1088981903|1088981905|1088981907|1097571351|1097571353|1101017059|1101017061|1102327057|1102327059|1102327061|1103670371,学生迟到缺席与家长联系,课程运营与服务 > 课程排期与出勤 > 到课与缺勤处理
A,S1000-0025,STI-0df67a4f4bc26002f5ed,accepted,agree,家长好评链接与模板转发,教师请求行政向同意写好评的家长转发评价链接和模板。,,,,,short_candidate,2,0.02,2,1080377765|1080377767,家长好评链接与模板转发,
A,S1000-0025,STI-a3ad2e88f34cc08274b4,accepted,agree,课程时间调整与续课排期,教师与行政协调多名学生的调课、补课、续课、试听课和考试前课程安排。,课程运营与服务,课程排期与出勤,课程变更与补课,课程运营与服务 > 课程排期与出勤 > 课程变更与补课,standard,59,0.59,59,1083799087|1083799089|1083799091|1083799093|1083799095|1083799097|1083799099|1083799101|1083799103|1083799105|1083799107|1083799109|1085080475|1085080477|1085080479|1085080481|1085080483|1085080503|1086370375|1086370377|1086370379|1086370381|1086370383|1086370385|1086370387|1086370389|1086370391|1086370393|1086370395|1086370397|1086370399|1087620129|1087620131|1087620133|1087620141|1087620143|1087620145|1087620147|1087620149|1088771087|1088771089|1088771091|1088771093|1088771095|1088771097|1088771099|1088771101|1088771103|1088771105|1088771107|1088771109|1088771111|1088771113|1088771115|1088771117|1088771119|1088771121|1088771123|1088771125,课程时间调整与续课排期,课程运营与服务 > 课程排期与出勤 > 课程变更与补课
A,S1000-0025,STI-b544dae5a7a22b92b567,accepted,agree,学生课后学习反馈与家长转发,教师整理并请求转发多名学生的课后学习反馈、复习重点和作业要求。,学习与学业内容,学习任务与评价,学习表现与反馈,学习与学业内容 > 学习任务与评价 > 学习表现与反馈,standard,29,0.29,29,1081390731|1081390733|1081390735|1081390737|1082507785|1082507787|1082507789|1085080491|1085080493|1085080495|1085080497|1085080499|1085080501|1086370373|1087620135|1087620137|1087620139|1087620151|1087620153|1087620155|1088771085|1088771127|1088771129|1089796057|1090983127|1090983129|1090983131|1090983133|1090983135,学生课后学习反馈与家长转发,学习与学业内容 > 学习任务与评价 > 学习表现与反馈
A,S1000-0025,STI-c7f3286c247a9e50b7d7,accepted,agree,若芯PSLE口试备考安排,家长询问若芯PSLE口试前的复习重点，教师说明将强化题型、答题结构和常见主题练习。,,,,,short_candidate,3,0.03,3,1085080485|1085080487|1085080489,若芯PSLE口试备考安排,
A,S1000-0025,STI-d5c53c11473782301cfe,accepted,agree,课堂麦克风与视频异常处理,教师上课时学生音视频异常，行政协助联系家长，之后确认问题已调试处理。,数字平台与技术,数字技术与访问,连接与设备故障,数字平台与技术 > 数字技术与访问 > 连接与设备故障,standard,5,0.05,5,1082507775|1082507777|1082507779|1082507781|1082507783,课堂麦克风与视频异常处理,数字平台与技术 > 数字技术与访问 > 连接与设备故障
A,S1000-0026,STI-1e25692da40c07bdf6a3,accepted,agree,无法进入课程教室,教师无法看到并进入晚间课程教室，班主任确认存在ClassIn问题。,数字平台与技术,数字技术与访问,连接与设备故障,数字平台与技术 > 数字技术与访问 > 连接与设备故障,standard,6,0.06,6,1086500715|1086500717|1086500719|1086500723|1086500725|1086500727,无法进入课程教室,数字平台与技术 > 数字技术与访问 > 连接与设备故障
A,S1000-0026,STI-4eb20542a491691cdd74,accepted,agree,工作日课表调整与周四请假,教师与班主任反复确认周中可授课时段、关闭日期及本周四请假。,课程运营与服务,课程排期与出勤,可用时段与排班,课程运营与服务 > 课程排期与出勤 > 可用时段与排班,standard,26,0.26,26,1081480101|1081480103|1091111921|1091111927|1091111929|1091111931|1091111937|1091111939|1091111941|1091111943|1091111945|1091111949|1091111951|1091111953|1091111955|1091111957|1091111969|1091111971|1091111975|1091111981|1091111983|1091111985|1091111987|1091111989|1091111991|1091111997,工作日课表调整与周四请假,课程运营与服务 > 课程排期与出勤 > 可用时段与排班
A,S1000-0026,STI-636f796c76c3d8905fff,accepted,agree,课件使用与获取,群内处理课件使用错误，并沟通获取临时上课所需的课件。,教学与课程内容,教学材料与实施,教学资料与课件,教学与课程内容 > 教学材料与实施 > 教学资料与课件,standard,6,0.06,6,1085222757|1085222759|1086500703|1086500705|1086500707|1086500709,课件使用与获取,教学与课程内容 > 教学材料与实施 > 教学资料与课件
A,S1000-0026,STI-9b98f8bf8b20abc8e9e6,partially_corrected_unresolved,problem,使用AI制作个性化课件,班主任建议教师基于学生材料或绘本使用AI制作个性化课件。,教学与课程内容,教学材料与实施,教学资料与课件,教学与课程内容 > 教学材料与实施 > 教学资料与课件,short_candidate,4,0.04,4,1087748211|1087748213|1087748215|1087748217,使用AI制作个性化课件,
A,S1000-0026,STI-ac77043f3bcd277a9015,accepted,agree,课程缺席、迟到与临时预约,群内沟通教师多次未及时上课、迟到及未留意临时预约课程的情况。,课程运营与服务,课程排期与出勤,到课与缺勤处理,课程运营与服务 > 课程排期与出勤 > 到课与缺勤处理,standard,21,0.21,21,1080480115|1080480117|1080480121|1080480123|1080480127|1080480129|1081480105|1081480107|1081480109|1081480111|1081480113|1081480115|1081480117|1088867883|1088867887|1088867889|1088867891|1088867893|1088867895|1088867897|1088867901,课程缺席、迟到与临时预约,课程运营与服务 > 课程排期与出勤 > 到课与缺勤处理
A,S1000-0027,STI-184e3e3a60636da85baa,accepted,agree,Coco课程课件缺失与教材变更,教师反馈Coco课程未显示课件，后续获知20:30课程学生已更换教材。,教学与课程内容,教学材料与实施,教材与课程进度,教学与课程内容 > 教学材料与实施 > 教材与课程进度,standard,8,0.08,8,1112556789|1112556791|1112556793|1112556795|1112556797|1112556799|1112556807|1112556809,Coco课程课件缺失与教材变更,教学与课程内容 > 教学材料与实施 > 教材与课程进度
A,S1000-0027,STI-5a97d1aedb0d9c5816dc,accepted,agree,停电导致课程缺席,教师说明因停电未能按时上课，已与学生重新约课并致歉。,课程运营与服务,课程排期与出勤,到课与缺勤处理,课程运营与服务 > 课程排期与出勤 > 到课与缺勤处理,standard,12,0.12,12,1092624543|1092624545|1092624547|1092624549|1092624551|1092624553|1092624555|1092624557|1092624559|1092624561|1092624563|1092624565,停电导致课程缺席,课程运营与服务 > 课程排期与出勤 > 到课与缺勤处理
A,S1000-0027,STI-5d328780b49940239117,accepted,agree,负面评价的删除与跟进,教师持续请求删除yuyu留下的负面评价，班主任说明评价不能删除并称已请客服联系。,教学与课程内容,教学反馈与记录,教学反馈与质量,教学与课程内容 > 教学反馈与记录 > 教学反馈与质量,standard,34,0.34,34,1106174713|1106174715|1108530771|1108530773|1108530775|1108530777|1108530779|1108530781|1108530783|1109830237|1109830239|1109830241|1109830243|1109830245|1109830247|1109830249|1109830251|1109830253|1109830255|1109830257|1109830259|1109830261|1109830265|1109830267|1109830269|1111157793|1111157795|1111157797|1111157799|1111157801|1112556801|1112556803|1112556805|1112556811,负面评价的删除与跟进,教学与课程内容 > 教学反馈与记录 > 教学反馈与质量
A,S1000-0027,STI-5f413ec2e37fad749e71,accepted,agree,学生离开教室后的课程处理,教师在学生离开教室后询问处理方式及课酬，获告知留在教室且课程未取消即可。,课程运营与服务,课程排期与出勤,到课与缺勤处理,课程运营与服务 > 课程排期与出勤 > 到课与缺勤处理,standard,8,0.08,8,1093942175|1093942177|1093942179|1093942181|1093942183|1093942185|1093942187|1093942189,学生离开教室后的课程处理,课程运营与服务 > 课程排期与出勤 > 到课与缺勤处理
A,S1000-0027,STI-76ffa62eb36f16a1413a,accepted,agree,学生课程时间改约,教师请求调整yuyu当日课程时间，最终确认课程已安排在20:30。,课程运营与服务,课程排期与出勤,课程变更与补课,课程运营与服务 > 课程排期与出勤 > 课程变更与补课,standard,7,0.07,7,1103717037|1103717039|1103717041|1103717043|1103717045|1103717047|1103717049,学生课程时间改约,课程运营与服务 > 课程排期与出勤 > 课程变更与补课
A,S1000-0027,STI-783a199447c502ec1b83,accepted,agree,工作群沟通与请假规则,班主任通知课程问题和请假应在工作群沟通，请假须至少提前3小时。,课程运营与服务,课程服务管理,课程服务与行政,课程运营与服务 > 课程服务管理 > 课程服务与行政,special_business,1,0.01,1,1084241561,工作群沟通与请假规则,课程运营与服务 > 课程服务管理 > 课程服务与行政
A,S1000-0027,STI-7fc056c57f260822f985,accepted,agree,周五课程取消请求,教师请求因周五休息取消Apple的课程。,,,,,short_candidate,2,0.02,2,1109830233|1109830235,周五课程取消请求,
A,S1000-0027,STI-f1531db81484de34cbcb,accepted,agree,网络卡顿与课程退款处理,群内沟通课程掉线和卡顿，涉及补课、取消课程及学生退款申请。,课程运营与服务,课程服务管理,课程费用与薪酬,课程运营与服务 > 课程服务管理 > 课程费用与薪酬,standard,22,0.22,22,1092624567|1092624569|1093942191|1093942193|1093942195|1093942197|1095242391|1095242393|1103717051|1103717053|1103717055|1103717057|1103717059|1103717061|1103717063|1103717065|1103717067|1103717069|1103717071|1103717073|1103717075|1103717077,网络卡顿与课程退款处理,课程运营与服务 > 课程服务管理 > 课程费用与薪酬
A,S1000-0028,STI-8200fd471b6c91771d2b,accepted,agree,游戏更新与共同游玩安排,教师因游戏更新未能陪玩，学生随后分享无畏契约对局并提醒一起玩蛋仔派对。,娱乐与创作,娱乐作品与活动,电子游戏与游玩,娱乐与创作 > 娱乐作品与活动 > 电子游戏与游玩,standard,13,0.13,13,1086403021|1086403025|1086403027|1086403029|1087654123|1087654125|1087654127|1087654129|1087654131|1087654133|1087654135|1087654137|1087654139,游戏更新与共同游玩安排,娱乐与创作 > 娱乐作品与活动 > 电子游戏与游玩
A,S1000-0028,STI-a2477cb89fe59c8ff98f,accepted,agree,提前进入教室上课的时间设置,学生希望将进入教室时间调整至11:30以便上课，教师回复无法调整。,课程运营与服务,在线课程运行,在线教室与课程接入,课程运营与服务 > 在线课程运行 > 在线教室与课程接入,standard,9,0.09,9,1085114509|1085114511|1085114513|1085114515|1085114517|1085114519|1085114521|1085114523|1085114525,提前进入教室上课的时间设置,课程运营与服务 > 在线课程运行 > 在线教室与课程接入
A,S1000-0028,STI-ae54d04719092288ce48,accepted,agree,修改班级昵称请求,学生请求将班级昵称改为“超级无敌可爱的咩咩班级”。,,,,,short_candidate,1,0.01,1,1085114589,修改班级昵称请求,
A,S1000-0028,STI-f38c18bda1d8776ea1e5,accepted,agree,作业错题与完成情况核对,师生核对作业错题、题目解法、作业范围及各部分作业的完成情况。,学习与学业内容,学习任务与评价,作业与练习,学习与学业内容 > 学习任务与评价 > 作业与练习,standard,28,0.28,28,1083831927|1083831929|1083831933|1083831935|1083831939|1083831941|1083831943|1083831945|1083831949|1083831951|1083831953|1083831965|1083831973|1085114503|1085114545|1085114547|1085114549|1085114551|1085114553|1085114557|1085114561|1085114563|1085114567|1085114569|1085114571|1085114573|1085114577|1085114579,作业错题与完成情况核对,学习与学业内容 > 学习任务与评价 > 作业与练习
A,S1000-0029,STI-3bd1bcd36620fa89d3b2,accepted,agree,临时教室学习安排,两人商量在临时教室一起学习，协商下午时间、开教室人选及可上课时长。,课程运营与服务,在线课程运行,在线教室与课程接入,课程运营与服务 > 在线课程运行 > 在线教室与课程接入,standard,21,0.21,21,1090253239|1090253241|1090253243|1090253245|1090253249|1090253253|1090253255|1090253257|1091584561|1091584563|1091584565|1091584567|1091584569|1091584581|1091584583|1091584585|1091584587|1091584589|1091584593|1091584595|1092907557,临时教室学习安排,课程运营与服务 > 在线课程运行 > 在线教室与课程接入
A,S1000-0029,STI-ac9bcecfed7c62f32607,accepted,agree,熟人分手消息讨论,两人讨论熟人删除相关动态及已分手的消息。,人际关系与社交,人际关系与身份,恋爱与亲密关系,人际关系与社交 > 人际关系与身份 > 恋爱与亲密关系,standard,11,0.11,11,1091584601|1091584603|1091584605|1091584607|1091584609|1091584611|1091584613|1091584615|1091584617|1091584619|1091584621,熟人分手消息讨论,人际关系与社交 > 人际关系与身份 > 恋爱与亲密关系
A,S1000-0029,STI-acd8b06ecdc1449faa6d,accepted,agree,剧集播出与人物关系讨论,两人讨论剧集可能的播出时间、演员合作消息及相关人物关系内容。,娱乐与创作,娱乐作品与活动,影视动漫与文学作品,娱乐与创作 > 娱乐作品与活动 > 影视动漫与文学作品,standard,21,0.21,21,1084388053|1084388055|1084388059|1084388061|1086946873|1088182499|1088182501|1088182503|1090253187|1090253191|1090253193|1090253195|1090253209|1090253219|1090253223|1090253227|1090253229|1090253231|1092907551|1092907553|1092907555,剧集播出与人物关系讨论,娱乐与创作 > 娱乐作品与活动 > 影视动漫与文学作品
A,S1000-0029,STI-d8be00863867d3a29cf7,accepted,agree,ClassIn消息提醒不显示,用户反馈ClassIn接收消息时不会显示提醒。,,,,,short_candidate,2,0.02,2,1091584625|1091584627,ClassIn消息提醒不显示,
A,S1000-0030,STI-0663997e35f3a5915231,accepted,agree,停电导致缺席与课程取消,教师称当地停电导致未能上课，群内质询未提前通知并取消当日后续课程。,课程运营与服务,课程排期与出勤,到课与缺勤处理,课程运营与服务 > 课程排期与出勤 > 到课与缺勤处理,standard,11,0.11,11,1083971691|1083971693|1083971695|1083971697|1083971699|1083971701|1083971703|1083971705|1083971707|1083971709|1083971711,停电导致缺席与课程取消,课程运营与服务 > 课程排期与出勤 > 到课与缺勤处理
A,S1000-0030,STI-3c771976dc6bff7702bf,accepted,agree,授课课表与高峰时段安排,教师提交日常授课时段，群内协调晚间高峰时段并提醒提交9月至12月课表。,课程运营与服务,课程排期与出勤,可用时段与排班,课程运营与服务 > 课程排期与出勤 > 可用时段与排班,standard,20,0.2,20,1080512061|1080512063|1080512065|1080512067|1080512069|1082680889|1082680891|1082680893|1082680895|1082680897|1082680899|1082680901|1082680903|1082680905|1082680907|1082680909|1082680911|1083971689|1089903445|1089903447,授课课表与高峰时段安排,课程运营与服务 > 课程排期与出勤 > 可用时段与排班
A,S1000-0030,STI-81f8d64ad4c44cec5b86,accepted,agree,更换GCash收款账户,教师请求更换GCash收款账户并提供新的账户号码。,,,,,short_candidate,3,0.03,3,1080512071|1080512073|1080512075,更换GCash收款账户,
A,S1000-0030,STI-e1ffeb2915b6e19331c6,accepted,agree,薪资截图与延迟发放查询,教师反复询问薪资及截图，群内说明课时不足和请假、缺席可能导致薪资延后发放。,课程运营与服务,课程服务管理,课程费用与薪酬,课程运营与服务 > 课程服务管理 > 课程费用与薪酬,standard,34,0.34,34,1087781261|1087781263|1087781265|1087781267|1087781269|1096362755|1096362761|1096362763|1096362765|1096362767|1096362769|1096362771|1096362773|1096362779|1096362781|1096362783|1096362785|1096362787|1096362789|1096362791|1096362793|1096362795|1096362801|1096362803|1096362805|1096362807|1096362809|1096362811|1096362813|1096362815|1096362817|1096362819|1096362821|1096362823,薪资截图与延迟发放查询,课程运营与服务 > 课程服务管理 > 课程费用与薪酬
A,S1000-0030,STI-e213dd5cea8343dab374,accepted,agree,多次课程缺席与授课安排影响,群内多次沟通教师缺席或迟到课程，以及这对学生预约和课程分配的影响。,课程运营与服务,课程排期与出勤,到课与缺勤处理,课程运营与服务 > 课程排期与出勤 > 到课与缺勤处理,standard,32,0.32,32,1087781271|1091149167|1091149169|1091149171|1093779245|1093779247|1095081883|1095081885|1095081887|1095081889|1095081891|1095081893|1095081895|1095081897|1095081899|1095081901|1096362757|1096362759|1096362775|1096362777|1096362797|1096362799|1096362825|1096362827|1096362829|1096362831|1096362833|1096362835|1096362837|1096362839|1096362841|1096362843,多次课程缺席与授课安排影响,课程运营与服务 > 课程排期与出勤 > 到课与缺勤处理
A,S1000-0031,STI-06a54591fe2d37be8946,accepted,agree,教师可授课时段确认,双方确认周一至周六的可授课时段，并讨论晚间时段安排。,课程运营与服务,课程排期与出勤,可用时段与排班,课程运营与服务 > 课程排期与出勤 > 可用时段与排班,standard,9,0.09,9,1091431819|1091431823|1091431827|1091431829|1091431831|1091431833|1091431835|1091431837|1091431839,教师可授课时段确认,课程运营与服务 > 课程排期与出勤 > 可用时段与排班
A,S1000-0031,STI-38a531e08d073db8ea96,accepted,agree,教师工作规则与资料提交,群内说明教师工作规则，并要求提供可授课时间、熟悉教材和宣传照片。,,,,,short_candidate,3,0.03,3,1091431813|1091431815|1091431817,教师工作规则与资料提交,
A,S1000-0031,STI-4fa6469010c6c02c05bd,accepted,agree,VooV会议室锁定导致学生无法进入,学生无法进入VooV会议室，群内排查锁定和入会审批设置并指导教师修改。,课程运营与服务,在线课程运行,在线教室与课程接入,课程运营与服务 > 在线课程运行 > 在线教室与课程接入,standard,48,0.48,48,1099830667|1099830669|1099830671|1099830673|1099830675|1099830677|1099830679|1099830681|1099830683|1099830685|1099830687|1099830689|1099830691|1099830693|1099830695|1099830699|1099830701|1099830703|1099830705|1099830707|1099830709|1099830711|1099830713|1099830715|1099830717|1099830719|1099830721|1099830723|1099830725|1099830727|1099830729|1099830731|1099830733|1099830735|1099830737|1099830739|1099830741|1099830743|1099830745|1099830747|1099830749|1099830751|1099830753|1099830755|1099830757|1099830759|1099830761|1099830763,VooV会议室锁定导致学生无法进入,课程运营与服务 > 在线课程运行 > 在线教室与课程接入
A,S1000-0031,STI-617068f4ec22022ace37,accepted,agree,固定VooV会议号设置,教师设置并提交固定VooV会议号，确认以后课程使用该会议号。,课程运营与服务,在线课程运行,在线教室与课程接入,课程运营与服务 > 在线课程运行 > 在线教室与课程接入,standard,13,0.13,13,1091431845|1091431847|1091431849|1091431851|1091431853|1091431855|1091431857|1091431859|1091431861|1091431863|1091431865|1091431867|1091431869,固定VooV会议号设置,课程运营与服务 > 在线课程运行 > 在线教室与课程接入
A,S1000-0031,STI-9c6cabf97f2e8aeb87f0,accepted,agree,课件查看与课前准备,教师咨询并获告知如何查看学生指定课件、提前下载课件及处理错用课件情况。,教学与课程内容,教学材料与实施,教学资料与课件,教学与课程内容 > 教学材料与实施 > 教学资料与课件,standard,15,0.15,15,1091431841|1091431843|1092719593|1092719595|1092719597|1092719599|1092719603|1092719605|1092719607|1092719609|1092719611|1092719613|1092719615|1092719617|1092719619,课件查看与课前准备,教学与课程内容 > 教学材料与实施 > 教学资料与课件
A,S1000-0031,STI-da659d05c03dbb2bd13b,accepted,agree,工资咨询转交,教师询问工资发放时间，被转交向Freja女士咨询。,,,,,short_candidate,4,0.04,4,1099830657|1099830659|1099830661|1099830663,工资咨询转交,
A,S1000-0031,STI-f99e3e3d8430b6fc74d7,accepted,agree,次日开始上课确认,双方确认从次日开始上课。,,,,,short_candidate,2,0.02,2,1091431871|1091431873,次日开始上课确认,
A,S1000-0032,STI-308213b8b061b052683d,accepted,agree,停电备用网络设备讨论,教师说明随身Wi-Fi在停电时续航不足，并讨论使用大容量充电宝等备用条件。,数字平台与技术,数字技术与访问,连接与设备故障,数字平台与技术 > 数字技术与访问 > 连接与设备故障,standard,5,0.05,5,1080389269|1080389271|1080389273|1080389277|1080389279,停电备用网络设备讨论,数字平台与技术 > 数字技术与访问 > 连接与设备故障
A,S1000-0032,STI-31455d5011bfc1705650,accepted,agree,学生未进入课堂情况反馈,教师多次反馈学生未进入课堂，群内同步学生到课状态并处理教室异常询问。,课程运营与服务,课程排期与出勤,到课与缺勤处理,课程运营与服务 > 课程排期与出勤 > 到课与缺勤处理,standard,24,0.24,24,1081401307|1082525813|1082525829|1082525831|1083815809|1086386681|1087639195|1087639199|1089804737|1090996349|1090996351|1090996353|1090996355|1090996357|1092299085|1092299087|1092299089|1094929961|1094929963|1094929965|1094929967|1094929969|1094929971|1094929973,学生未进入课堂情况反馈,课程运营与服务 > 课程排期与出勤 > 到课与缺勤处理
A,S1000-0032,STI-375cfae98286fd047497,accepted,agree,停电导致课程改期,教师因停电申请调整课程，群内确认取消、改期及恢复供电后的安排。,课程运营与服务,课程排期与出勤,课程变更与补课,课程运营与服务 > 课程排期与出勤 > 课程变更与补课,standard,15,0.15,15,1080389243|1080389245|1080389247|1080389249|1080389251|1080389253|1080389255|1080389257|1080389259|1080389261|1080389263|1080389265|1080389267|1086386677|1086386679,停电导致课程改期,课程运营与服务 > 课程排期与出勤 > 课程变更与补课
A,S1000-0032,STI-5f8356b3e2f1c8da5537,accepted,agree,临时课程改期与增课,群内协调多名学生的临时上课时间、改期、增课和提前上课请求。,课程运营与服务,课程排期与出勤,课程变更与补课,课程运营与服务 > 课程排期与出勤 > 课程变更与补课,standard,21,0.21,21,1082525817|1082525819|1082525821|1082525823|1082525825|1082525827|1090996333|1090996335|1090996337|1090996339|1090996341|1090996343|1090996345|1090996347|1094929975|1094929977|1096217993|1096217995|1096217997|1096217999|1096218001,临时课程改期与增课,课程运营与服务 > 课程排期与出勤 > 课程变更与补课
A,S1000-0032,STI-d141723b2b77e23dc210,accepted,agree,教师迟到后的上课安排,群内提醒教师迟到，并在教师说明睡过头后确认仍可安排上课。,课程运营与服务,课程排期与出勤,到课与缺勤处理,课程运营与服务 > 课程排期与出勤 > 到课与缺勤处理,standard,15,0.15,15,1081401281|1081401283|1090996307|1090996309|1090996311|1090996313|1090996315|1090996317|1090996319|1090996321|1090996323|1090996325|1090996327|1090996329|1090996331,教师迟到后的上课安排,课程运营与服务 > 课程排期与出勤 > 到课与缺勤处理
A,S1000-0032,STI-ee0fd222926172d925c0,accepted,agree,每日早上八点半课程安排,群内为学生安排每日早上八点半课程，并确认教师查看课表和按时上课。,课程运营与服务,课程排期与出勤,课程变更与补课,课程运营与服务 > 课程排期与出勤 > 课程变更与补课,standard,16,0.16,16,1081401281|1081401283|1081401285|1081401287|1081401289|1081401291|1081401293|1081401295|1081401297|1081401299|1081401301|1081401303|1081401305|1081401307|1081401309|1081401311,每日早上八点半课程安排,课程运营与服务 > 课程排期与出勤 > 课程变更与补课
A,S1000-0033,STI-1d0cc1df3654ef69f4c4,accepted,agree,短视频观看后的自我调侃,一名同学提到短暂观看短视频后关闭。,,,,,short_candidate,3,0.03,3,1088069205|1088069207|1088069211,短视频观看后的自我调侃,
A,S1000-0033,STI-9de114c0bf1b2e282a08,accepted,agree,打字速度与语音输入,同学讨论回复速度、打字习惯和使用语音输入的情况。,数字平台与技术,数字技术与访问,应用与设备使用,数字平台与技术 > 数字技术与访问 > 应用与设备使用,standard,13,0.13,13,1088069175|1088069177|1088069179|1088069181|1088069183|1088069185|1088069187|1088069189|1088069191|1088069193|1088069195|1088069197|1088069199,打字速度与语音输入,数字平台与技术 > 数字技术与访问 > 应用与设备使用
A,S1000-0033,STI-b937ea55022b4e1e1131,accepted,agree,同学社交与沟通方式讨论,同学讨论删除好友、说话较多的感受、朋友相处方式及与不同同学交流的方式。,人际关系与社交,人际关系与身份,同伴关系与互动,人际关系与社交 > 人际关系与身份 > 同伴关系与互动,standard,49,0.49,49,1088069073|1088069075|1088069077|1088069079|1088069081|1088069083|1088069085|1088069087|1088069089|1088069091|1088069093|1088069095|1088069097|1088069099|1088069101|1088069103|1088069105|1088069107|1088069109|1088069111|1088069113|1088069117|1088069119|1088069123|1088069125|1088069127|1088069129|1088069131|1088069133|1088069135|1088069137|1088069139|1088069141|1088069143|1088069145|1088069147|1088069149|1088069151|1088069153|1088069155|1088069157|1088069159|1088069161|1088069163|1088069165|1088069167|1088069169|1088069171|1088069173,同学社交与沟通方式讨论,人际关系与社交 > 人际关系与身份 > 同伴关系与互动
A,S1000-0033,STI-c791a45471b5f823b2b5,accepted,agree,群成员争议与移除,群内讨论一名成员的发言、退出班级及被移除班级的情况。,数字平台与技术,账号与在线社群,群组与社群设置,数字平台与技术 > 账号与在线社群 > 群组与社群设置,standard,24,0.24,24,1088069017|1088069023|1088069025|1088069027|1088069029|1088069031|1088069033|1088069035|1088069037|1088069039|1088069041|1088069043|1088069045|1088069049|1088069051|1088069055|1088069057|1088069059|1088069061|1088069063|1088069065|1088069067|1088069069|1088069071,群成员争议与移除,数字平台与技术 > 账号与在线社群 > 群组与社群设置
A,S1000-0034,STI-030ed29ba207389c2bfe,accepted,agree,论文指导课程安排调整,师生协调论文指导课程的日期、时间、会议安排及改期。,课程运营与服务,课程排期与出勤,课程变更与补课,课程运营与服务 > 课程排期与出勤 > 课程变更与补课,standard,30,0.3,30,1088741067|1088741069|1088741071|1088741073|1088741075|1088741077|1088741085|1088741087|1088741089|1088741091|1088741093|1088741095|1089770705|1089770707|1089770709|1089770711|1089770713|1089770715|1089770717|1089770719|1109533677|1109533683|1109533685|1109533687|1109533689|1109533691|1109533693|1109533695|1109533697|1109533699,论文指导课程安排调整,课程运营与服务 > 课程排期与出勤 > 课程变更与补课
A,S1000-0034,STI-09cd2311f389de17cc0e,corrected,problem,论文修改与导师反馈,导师与学生沟通论文图表、正文、补充材料、讨论部分和题目的修改及反馈。,学习与学业内容,学习任务与评价,学习计划与资源,学习与学业内容 > 学习任务与评价 > 学习计划与资源,standard,39,0.39,39,1088741079|1088741081|1088741083|1090946899|1090946901|1090946903|1090946905|1090946907|1090946909|1090946911|1099463231|1099463233|1099463235|1099463237|1103380365|1104720341|1104720343|1104720345|1104720347|1108232341|1109533663|1109533665|1109533667|1109533669|1109533671|1109533673|1109533675|1110852959|1110852961|1110852963|1110852965|1110852967|1110853003|1110853005|1110853007|1110853009|1110853011|1110853013|1110853015,论文修改与导师反馈,教育与工作经济 > 研究与经济活动 > 学术研究与论文
A,S1000-0034,STI-7f5f1d7502a8e54c0b6c,unresolved,problem,投稿期刊选择与格式准备,师生讨论目标期刊、投稿信、作者和基金信息、引文、账号注册及稿件格式要求。,教育与工作经济,研究与经济活动,学术研究与论文,教育与工作经济 > 研究与经济活动 > 学术研究与论文,standard,26,0.26,26,1088741081|1099463233|1099463239|1099463241|1104720341|1104720343|1109533677|1109533679|1109533681|1110852969|1110852971|1110852973|1110852975|1110852977|1110852979|1110852981|1110852983|1110852985|1110852987|1110852989|1110852991|1110852993|1110852995|1110852997|1110852999|1110853001,投稿期刊选择与格式准备,教育与工作经济 > 研究与经济活动 > 学术研究与论文
A,S1000-0035,STI-23f84407b7a2fc7a1e6d,accepted,agree,联系同学入群,同学商量联系崔迅加入群聊，并跟进回复和添加方式。,数字平台与技术,账号与在线社群,群组与社群设置,数字平台与技术 > 账号与在线社群 > 群组与社群设置,standard,14,0.14,14,1083001175|1083001177|1083001179|1083001181|1083001183|1083001185|1083001187|1083001189|1083001191|1083001193|1083001195|1083001197|1083001199|1083001201,联系同学入群,数字平台与技术 > 账号与在线社群 > 群组与社群设置
A,S1000-0035,STI-510b35f54a1b4d7c9ab9,accepted,agree,备用手机是否可用,同学询问备用手机的持有、使用和存放情况。,数字平台与技术,数字技术与访问,应用与设备使用,数字平台与技术 > 数字技术与访问 > 应用与设备使用,standard,14,0.14,14,1083001129|1083001133|1083001137|1083001139|1083001141|1083001143|1083001145|1083001147|1083001149|1083001153|1083001155|1083001157|1083001159|1083001161,备用手机是否可用,数字平台与技术 > 数字技术与访问 > 应用与设备使用
A,S1000-0035,STI-896436e0b0c1f0b31dfb,accepted,agree,夜间未睡与道晚安,同学在夜间聊天中询问彼此状态，并交流准备睡觉。,日常生活与健康,生活与健康,日常生活与饮食,日常生活与健康 > 生活与健康 > 日常生活与饮食,standard,10,0.1,10,1083001203|1083001207|1083001209|1083001213|1083001215|1083001219|1083001221|1083001223|1083001225|1083001227,夜间未睡与道晚安,日常生活与健康 > 生活与健康 > 日常生活与饮食
A,S1000-0035,STI-bc6cca10191f47b9746f,accepted,agree,数学圆与直线课程进度和难点,同学交流直线与圆相关课程的学习进度、公式难点和练题情况。,学习与学业内容,学科与技能学习,数学学习,学习与学业内容 > 学科与技能学习 > 数学学习,standard,24,0.24,24,1083001047|1083001049|1083001053|1083001061|1083001063|1083001065|1083001067|1083001069|1083001071|1083001073|1083001075|1083001077|1083001097|1083001103|1083001107|1083001109|1083001111|1083001117|1083001119|1083001121|1083001165|1083001169|1083001171|1083001173,数学圆与直线课程进度和难点,学习与学业内容 > 学科与技能学习 > 数学学习
A,S1000-0036,STI-11d73d57136b4062e8d9,accepted,agree,鬼灭之刃同人偏好、配对和创作交流,参与者交流鬼灭之刃角色推选、配对偏好，并讨论绘画和小说同人创作。,娱乐与创作,创作与角色文化,文字与角色创作,娱乐与创作 > 创作与角色文化 > 文字与角色创作,standard,36,0.36,36,1080569385|1080569389|1080569391|1080569393|1080569395|1080569397|1080569399|1080569401|1080569403|1080569405|1080569407|1080569409|1080569411|1080569413|1080569415|1080569429|1080569431|1080569433|1080569435|1080569437|1080569439|1080569441|1080569443|1080569445|1080569447|1080569449|1080569451|1080569453|1080569455|1080569459|1080569461|1080569463|1080569465|1080569467|1080569475|1080569477,鬼灭之刃同人偏好、配对和创作交流,娱乐与创作 > 创作与角色文化 > 文字与角色创作
A,S1000-0036,STI-55cbfa3f4ff648b3a4eb,accepted,agree,关于汞和化学处理尸体的虚构讨论,有人以虚构口吻讨论使用汞和化学方法处理尸体及可能后果。,,,,,short_candidate,3,0.03,3,1080569359|1080569363|1085336399,关于汞和化学处理尸体的虚构讨论,
A,S1000-0036,STI-8d83cdef86b1586079be,accepted,agree,语文和英语课代表的创作分工讨论,群内讨论语文、英语课代表的位置及其在虚构创作中的分工。,娱乐与创作,创作与角色文化,文字与角色创作,娱乐与创作 > 创作与角色文化 > 文字与角色创作,standard,9,0.09,9,1080569349|1080569357|1080569361|1080569365|1080569367|1080569369|1080569371|1080569373|1080569375,语文和英语课代表的创作分工讨论,娱乐与创作 > 创作与角色文化 > 文字与角色创作
A,S1000-0036,STI-b0f6108e09c67e651c5f,accepted,agree,小说圈扩列、建群与私信联系,群成员邀请喜欢小说的人联系、加入群聊，并排查私信消息列表问题。,人际关系与社交,社交活动与日常互动,社群互动与成员交流,人际关系与社交 > 社交活动与日常互动 > 社群互动与成员交流,standard,9,0.09,9,1081559363|1081559365|1081559367|1081559369|1084051145|1097543697|1097543699|1097543701|1098509333,小说圈扩列、建群与私信联系,人际关系与社交 > 社交活动与日常互动 > 社群互动与成员交流
A,S1000-0036,STI-c471d5d7c83948bedcbe,unresolved,problem,班级公共群聊天噪音与转移私聊的协商,群成员就公共群中的私聊和提示音噪音提出意见，并建议转到其他群或关闭提示。,数字平台与技术,账号与在线社群,群组与社群设置,数字平台与技术 > 账号与在线社群 > 群组与社群设置,standard,16,0.16,16,1080569417|1080569423|1080569425|1080569427|1080569457|1080569479|1080569483|1080569485|1080569487|1080569489|1100983941|1100983943|1100983945|1100983947|1100983949|1100983951,班级公共群聊天噪音与转移私聊的协商,数字平台与技术 > 账号与在线社群 > 群组与社群设置
A,S1000-0037,STI-0376635da90d67b4a5eb,accepted,agree,九月可授课时段调整请求,教师请求将九月可授课时间设为除周四外每日北京时间17点至22点。,,,,,short_candidate,2,0.02,2,1098383619|1098383621,九月可授课时段调整请求,
A,S1000-0037,STI-799afa5710def13a1d3c,accepted,agree,学生英语口语学习情况的客观评估,教师就学生的英语口语进展、尚待改进处和学习时长提供客观说明。,,,,,short_candidate,4,0.04,4,1098383611|1098383613|1098383615|1098383617,学生英语口语学习情况的客观评估,
A,S1000-0037,STI-83c44c44c13e58db9e8c,accepted,agree,教师提出提高时薪请求,教师说明课后反馈和备课投入，并请求将时薪提高至8.50美元。,,,,,short_candidate,1,0.01,1,1108277541,教师提出提高时薪请求,
A,S1000-0037,STI-8ef0cbdf7e03e74072f8,accepted,agree,免费试听课的排期与学生需求沟通,工作人员向教师安排多节免费试听课，说明学生情况、时间及每周试听课数量限制。,课程运营与服务,课程服务管理,课程沟通与衔接,课程运营与服务 > 课程服务管理 > 课程沟通与衔接,standard,23,0.23,23,1080386899|1080386901|1080386903|1082518717|1082518719|1082518721|1082518723|1082518725|1082518727|1085091019|1088779483|1088779485|1088779487|1090993005|1090993013|1090993015|1090993017|1096212909|1096212911|1104762559|1104762561|1107035721|1107035723,免费试听课的排期与学生需求沟通,课程运营与服务 > 课程服务管理 > 课程沟通与衔接
A,S1000-0037,STI-ba07ea37aa87375d2cc2,accepted,agree,伊朗教师薪资转账安排,参与者讨论由谁接收和转发伊朗教师薪资、相关手续费与账户风险，并确认一笔转账。,课程运营与服务,课程服务管理,课程费用与薪酬,课程运营与服务 > 课程服务管理 > 课程费用与薪酬,standard,14,0.14,14,1080386867|1080386869|1080386871|1080386879|1080386881|1080386883|1081399429|1081399431|1081399433|1082518729|1083810149|1083810151|1085091029|1085091031,伊朗教师薪资转账安排,课程运营与服务 > 课程服务管理 > 课程费用与薪酬
A,S1000-0037,STI-d503ff417d2057672d77,accepted,agree,学生未入课堂的提醒与等待,教师多次报告学生尚未进入课堂，工作人员表示联系提醒，并反馈学生晚到或未到。,课程运营与服务,课程排期与出勤,到课与缺勤处理,课程运营与服务 > 课程排期与出勤 > 到课与缺勤处理,standard,42,0.42,42,1080386873|1080386875|1080386877|1080386891|1080386893|1080386895|1080386897|1081399435|1081399437|1081399439|1085091021|1085091023|1085091025|1085091027|1087631063|1087631065|1087631067|1087631069|1087631071|1087631073|1087631075|1090993007|1090993009|1090993011|1092294793|1092294795|1092294797|1096212901|1096212903|1096212905|1096212907|1099507827|1099507829|1099507831|1104762563|1104762565|1104762567|1104762569|1107035725|1107035727|1107035729|1107035731,学生未入课堂的提醒与等待,课程运营与服务 > 课程排期与出勤 > 到课与缺勤处理
A,S1000-0037,STI-f5734810d430ac845a22,accepted,agree,试听课学生掉线后的处理确认,试听课学生短暂离开课堂，工作人员询问是否断线，随后确认学生已返回。,课程运营与服务,课程排期与出勤,到课与缺勤处理,课程运营与服务 > 课程排期与出勤 > 到课与缺勤处理,standard,6,0.06,6,1099507833|1099507835|1099507837|1099507839|1099507841|1099507843,试听课学生掉线后的处理确认,课程运营与服务 > 课程排期与出勤 > 到课与缺勤处理
A,S1000-0038,STI-c340311fa0699ba5b74f,accepted,agree,群成员清理与月度参与规则说明,群内说明成员缩减、月度参与对齐、未完成者自行退出或补足及后续不再接收新人的安排。,数字平台与技术,账号与在线社群,群组与社群设置,数字平台与技术 > 账号与在线社群 > 群组与社群设置,standard,12,0.12,12,1081409375|1081409377|1081409379|1081409381|1081409383|1081409385|1083827745|1085109989|1085110003|1085110005|1085110007|1085110009,群成员清理与月度参与规则说明,数字平台与技术 > 账号与在线社群 > 群组与社群设置
A,S1000-0038,STI-c907be46c49dc6eab3c9,accepted,agree,股票盘面、持仓和调仓交流,群内持续交流风华高科、蓝色光标、易点天下、润泽科技及其他股票的持仓、买卖、做T和盘面判断。,金融与公共信息,金融与公共议题,金融市场与交易,金融与公共信息 > 金融与公共议题 > 金融市场与交易,standard,87,0.87,87,1082538135|1082538137|1082538139|1082538141|1082538143|1082538145|1082538147|1082538149|1082538151|1082538153|1083827713|1083827715|1083827717|1083827719|1083827721|1083827723|1083827725|1083827727|1083827729|1083827731|1083827733|1083827735|1083827737|1083827739|1083827741|1083827747|1083827749|1083827751|1083827753|1083827755|1085109947|1085109949|1085109951|1085109953|1085109955|1085109957|1085109959|1085109961|1085109963|1085109965|1085109967|1085109969|1085109971|1085109973|1085109975|1085109977|1085109979|1085109981|1085109983|1085109985|1085109987|1085109991|1085109993|1085109995|1085109997|1085109999|1085110001|1085110011|1085110013|1085110015|1085110017|1086398365|1086398367|1086398369|1086398371|1086398373|1086398375|1086398377|1086398379|1086398381|1086398383|1086398385|1086398387|1086398389|1086398391|1087650227|1087650229|1087650231|1087650233|1087650235|1087650237|1087650239|1087650241|1087650243|1087650245|1087650247|1087650249,股票盘面、持仓和调仓交流,金融与公共信息 > 金融与公共议题 > 金融市场与交易
A,S1000-0039,STI-224bbc99cf7c27eddf16,accepted,agree,九岁学生试课的内容和时间安排,参与者为一名九岁学生协调试课，讨论教材、时长、备课情况和可安排的时间。,课程运营与服务,课程服务管理,课程沟通与衔接,课程运营与服务 > 课程服务管理 > 课程沟通与衔接,standard,34,0.34,34,1079717949|1079717951|1080763565|1080763569|1080763571|1080763575|1080763577|1080763579|1080763581|1080763585|1080763587|1080763589|1080763593|1080763599|1080763603|1080763607|1080763609|1080763611|1080763613|1080763615|1080763617|1080763619|1080763621|1080763623|1080763625|1080763627|1080763629|1080763631|1080763633|1080763635|1080763637|1080763639|1080763641|1080763643,九岁学生试课的内容和时间安排,课程运营与服务 > 课程服务管理 > 课程沟通与衔接
A,S1000-0039,STI-4e9850017bd95a39a4e9,accepted,agree,周五和周六可授课时间询问,参与者询问周五和周六的可授课时间，对方表示周六确定无法安排。,,,,,short_candidate,4,0.04,4,1084327571|1084327573|1084327575|1084327577,周五和周六可授课时间询问,
A,S1000-0039,STI-9392d8d932a33e62665c,accepted,agree,次日上午试课安排,参与者确认次日上午10点可安排一节试课。,,,,,short_candidate,4,0.04,4,1083014953|1083014957|1083014963|1083014965,次日上午试课安排,
A,S1000-0039,STI-a433302927d6a7a3a012,partially_corrected_unresolved,problem,Adam和Wendy学生报告请求,参与者请求为Adam和Wendy准备学生报告，并确认Wendy使用常规报告。,学习与学业内容,学习任务与评价,学习表现与反馈,学习与学业内容 > 学习任务与评价 > 学习表现与反馈,short_candidate,3,0.03,3,1083014949|1083014959|1083014961,Adam和Wendy学生报告请求,
A,S1000-0039,STI-d04962df8a15a9ecd890,accepted,agree,多名学生课程取消与改期协调,参与者协调多名学生课程的取消、提前或推迟安排，并处理Olivia和Jenny课程的时间冲突。,课程运营与服务,课程排期与出勤,课程变更与补课,课程运营与服务 > 课程排期与出勤 > 课程变更与补课,standard,35,0.35,35,1080763645|1080763647|1080763649|1080763651|1080763655|1080763657|1080763659|1080763661|1080763663|1080763665|1080763667|1080763669|1080763671|1080763673|1080763675|1080763677|1080763679|1080763681|1080763683|1081777347|1081777349|1081777351|1081777353|1081777355|1081777357|1081777359|1081777361|1081777363|1081777367|1083014947|1083014967|1083014973|1083014977|1083014979|1083014981,多名学生课程取消与改期协调,课程运营与服务 > 课程排期与出勤 > 课程变更与补课
A,S1000-0040,STI-695cf9c0e4462efe17ec,accepted,agree,伊朗制裁新闻真实性说明,消息称一项制裁条目删除为个案归档，不代表对伊朗制裁政策发生全面变化。,,,,,short_candidate,2,0.02,2,1085434299|1085434301,伊朗制裁新闻真实性说明,
A,S1000-0040,STI-99107a17f2dea0683226,accepted,agree,原油价格支撑与多单目标分析,消息列出原油日内和中期支撑区间，并给出多单止盈目标。,,,,,short_candidate,1,0.01,1,1085434237,原油价格支撑与多单目标分析,
A,S1000-0040,STI-c0a1b99eb69070283cd6,accepted,agree,白银短线交易价位与止盈讨论,群内讨论白银的接入和做空区间、目标位、止损设置及仓位调整。,金融与公共信息,金融与公共议题,金融市场与交易,金融与公共信息 > 金融与公共议题 > 金融市场与交易,standard,11,0.11,11,1082860637|1082860653|1082860655|1082860657|1084148791|1084148795|1084148797|1084148809|1084148839|1084148849|1085434279,白银短线交易价位与止盈讨论,金融与公共信息 > 金融与公共议题 > 金融市场与交易
A,S1000-0040,STI-d5aa1011a0aaccc0d21d,accepted,agree,积存金冲高卖出后分批接回,参与者讨论积存金在874至878区间分批接回，以及早间冲高885后的卖出。,,,,,short_candidate,4,0.04,4,1082860629|1082860639|1084148815|1084148821,积存金冲高卖出后分批接回,
A,S1000-0040,STI-f5c5bf706f238fad5eb2,accepted,agree,黄金短线交易价位与仓位管理交流,群内持续交流黄金短线多空入场区间、止损目标、分批减仓和晚间数据行情判断。,金融与公共信息,金融与公共议题,金融市场与交易,金融与公共信息 > 金融与公共议题 > 金融市场与交易,standard,80,0.8,80,1080669789|1080669791|1080669793|1082860603|1082860605|1082860607|1082860609|1082860611|1082860613|1082860615|1082860617|1082860619|1082860621|1082860623|1082860625|1082860627|1082860631|1082860633|1082860635|1082860641|1082860643|1082860645|1082860647|1082860649|1082860651|1084148787|1084148789|1084148793|1084148803|1084148805|1084148807|1084148811|1084148813|1084148817|1084148819|1084148823|1084148825|1084148827|1084148829|1084148831|1084148833|1084148835|1084148837|1084148841|1084148843|1084148845|1084148847|1085434239|1085434241|1085434243|1085434245|1085434247|1085434249|1085434251|1085434253|1085434255|1085434257|1085434259|1085434261|1085434263|1085434265|1085434267|1085434269|1085434271|1085434273|1085434275|1085434277|1085434281|1085434283|1085434285|1085434287|1085434289|1085434291|1085434293|1085434295|1085434297|1085434303|1086686641|1086686643|1086686645,黄金短线交易价位与仓位管理交流,金融与公共信息 > 金融与公共议题 > 金融市场与交易
A,S1000-0041,STI-41665f3f6db1673906f1,accepted,agree,课程取消与后续上课安排,双方多次沟通课程因网络、停电或家庭事务取消，并确认改日继续上课。,课程运营与服务,课程排期与出勤,课程变更与补课,课程运营与服务 > 课程排期与出勤 > 课程变更与补课,standard,20,0.2,20,1080441093|1080441097|1081447541|1081447545|1087707179|1087707181|1093699627|1093699631|1093699637|1093699639|1093699643|1093699645|1095006491|1096289433|1096289443|1096289445|1096289447|1103500371|1103500373|1108342775,课程取消与后续上课安排,课程运营与服务 > 课程排期与出勤 > 课程变更与补课
A,S1000-0041,STI-5bc4bb1030b3e8660f89,accepted,agree,教师丧亲后的课程与慰问沟通,教师告知父亲去世，双方就慰问、继续授课和葬礼当天取消课程进行沟通。,课程运营与服务,课程排期与出勤,课程变更与补课,课程运营与服务 > 课程排期与出勤 > 课程变更与补课,standard,9,0.09,9,1096289433|1096289437|1096289443|1096289445|1096289447|1096289449|1103500371|1103500373|1103500375,教师丧亲后的课程与慰问沟通,课程运营与服务 > 课程排期与出勤 > 课程变更与补课
A,S1000-0041,STI-5d30dbbd4e0dfe6120ec,accepted,agree,为两名学生准备绘本和动画课程材料,双方讨论为Heman和Mavis准备动画、绘本等英语课程材料。,教学与课程内容,教学材料与实施,教学资料与课件,教学与课程内容 > 教学材料与实施 > 教学资料与课件,standard,5,0.05,5,1083888179|1083888181|1083888191|1095006497|1096289431,为两名学生准备绘本和动画课程材料,教学与课程内容 > 教学材料与实施 > 教学资料与课件
A,S1000-0041,STI-66151db8655e088a1864,accepted,agree,Mavis英语听力困难与课程降阶,双方分析Mavis在长句听力和表达上的困难，并决定降低材料难度、加强整体理解和跟读练习。,学习与学业内容,学习任务与评价,学习表现与反馈,学习与学业内容 > 学习任务与评价 > 学习表现与反馈,standard,16,0.16,16,1108342729|1108342733|1108342735|1108342737|1108342739|1108342741|1108342743|1108342745|1108342749|1108342753|1108342755|1108342759|1108342761|1108342765|1108342771|1108342773,Mavis英语听力困难与课程降阶,学习与学业内容 > 学习任务与评价 > 学习表现与反馈
A,S1000-0041,STI-eba54660f706308a8009,accepted,agree,Heman英语课堂语速调整,双方确认Heman可先适应当前语速，再逐步提高到教师日常语速。,教学与课程内容,教学材料与实施,教学方法与课堂活动,教学与课程内容 > 教学材料与实施 > 教学方法与课堂活动,standard,10,0.1,10,1099578215|1099578217|1100853363|1100853373|1100853375|1100853377|1100853379|1100853381|1100853383|1102156105,Heman英语课堂语速调整,教学与课程内容 > 教学材料与实施 > 教学方法与课堂活动
A,S1000-0042,STI-3c98b2170d96efc6b0bd,accepted,agree,低龄英语课互动贴纸小游戏参考,协调员向教师介绍适合英语启蒙课堂的贴纸互动小游戏，并说明可作为课程趣味环节参考。,教学与课程内容,教学材料与实施,教学方法与课堂活动,教学与课程内容 > 教学材料与实施 > 教学方法与课堂活动,standard,10,0.1,10,1084073205|1084073207|1084073209|1084073211|1084073213|1084073215|1084073217|1084073219|1085355913|1085355915,低龄英语课互动贴纸小游戏参考,教学与课程内容 > 教学材料与实施 > 教学方法与课堂活动
A,S1000-0042,STI-51dca1ce2ee1e6a7396f,accepted,agree,临时取消和改约课程,教师多次因个人事务或设备问题申请取消、改约课程，并与协调员确认处理方式。,课程运营与服务,课程排期与出勤,课程变更与补课,课程运营与服务 > 课程排期与出勤 > 课程变更与补课,standard,26,0.26,26,1082782479|1082782485|1082782487|1082782489|1082782491|1089962141|1089962143|1089962145|1089962147|1089962149|1089962151|1089962155|1089962157|1091235437|1091235439|1091235441|1091235445|1091235447|1091235449|1091235451|1091235453|1091235455|1093857263|1093857265|1095168933|1095168935,临时取消和改约课程,课程运营与服务 > 课程排期与出勤 > 课程变更与补课
A,S1000-0042,STI-97a36ca04f94e44fcda8,accepted,agree,教师宣传视频与擅长材料信息提交,协调员催交教师宣传视频和擅长材料信息，双方处理视频传输及内容调整问题。,课程运营与服务,课程服务管理,教师事务与人员管理,课程运营与服务 > 课程服务管理 > 教师事务与人员管理,standard,33,0.33,33,1080587431|1080587433|1080587435|1081574361|1081574363|1081574365|1081574367|1081574369|1082782481|1082782483|1082782493|1082782497|1082782501|1082782503|1082782505|1082782507|1082782509|1082782511|1082782515|1082782517|1082782519|1082782521|1082782529|1082782533|1082782535|1082782539|1082782541|1082782543|1082782545|1082782547|1082782549|1082782551|1082782553,教师宣传视频与擅长材料信息提交,课程运营与服务 > 课程服务管理 > 教师事务与人员管理
A,S1000-0042,STI-e6d17a72f807036fb252,accepted,agree,可约课时间与试岗考核安排,双方讨论教师可开放的约课时段、试岗考核影响及后续时段调整。,课程运营与服务,课程排期与出勤,可用时段与排班,课程运营与服务 > 课程排期与出勤 > 可用时段与排班,standard,24,0.24,24,1091235453|1091235455|1093857267|1093857269|1093857271|1093857273|1093857275|1093857277|1093857279|1093857281|1093857283|1093857285|1093857287|1093857289|1093857291|1093857293|1093857295|1093857297|1093857299|1093857301|1093857303|1093857305|1095168933|1095168935,可约课时间与试岗考核安排,课程运营与服务 > 课程排期与出勤 > 可用时段与排班
A,S1000-0043,STI-8299b334c44b00d4c772,accepted,agree,家中兔子被宰杀的讨论,聊天双方讨论家中兔子被宰杀及由此产生的感受。,日常生活与健康,生活与健康,动物与饲养,日常生活与健康 > 生活与健康 > 动物与饲养,standard,7,0.07,7,1084354259|1084354261|1084354263|1084354265|1084354267|1084354269|1084354271,家中兔子被宰杀的讨论,日常生活与健康 > 生活与健康 > 动物与饲养
A,S1000-0043,STI-b6ad97b76a5609093316,accepted,agree,学校班级与同学去向,双方讨论学校班级情况、同学是否转入数科班及被劝退的传闻。,教育与工作经济,学校与教育路径,学校与校园生活,教育与工作经济 > 学校与教育路径 > 学校与校园生活,standard,21,0.21,21,1090217407|1090217409|1090217411|1090217413|1091545989|1091545991|1091545993|1091545995|1091546001|1091546003|1091546005|1091546007|1091546009|1091546011|1091546013|1091546015|1091546017|1091546019|1091546021|1091546023|1091546025,学校班级与同学去向,教育与工作经济 > 学校与教育路径 > 学校与校园生活
A,S1000-0043,STI-bc89a0ab5359e7adf080,accepted,agree,转述同学与家长的争吵,一方转述同学与另一名学生家长发生争吵和辱骂的情况。,人际关系与社交,人际关系与身份,同伴关系与互动,人际关系与社交 > 人际关系与身份 > 同伴关系与互动,standard,21,0.21,21,1085652263|1085652265|1085652267|1085652269|1085652271|1085652273|1085652275|1085652277|1085652279|1085652281|1085652283|1085652285|1085652287|1085652289|1085652291|1085652293|1085652295|1085652297|1085652299|1085652301|1085652303,转述同学与家长的争吵,人际关系与社交 > 人际关系与身份 > 同伴关系与互动
A,S1000-0043,STI-cd00a005bf3648e5ee89,accepted,agree,暑假作业数量与完成压力,双方讨论暑假作业总量很大、难以完成及作业科目构成。,学习与学业内容,学习任务与评价,作业与练习,学习与学业内容 > 学习任务与评价 > 作业与练习,standard,17,0.17,17,1088151073|1088151075|1088151077|1088151079|1088151081|1088151085|1088151087|1088151089|1088151091|1088151093|1088151095|1088151097|1088151099|1088151101|1088151107|1088151109|1088151111,暑假作业数量与完成压力,学习与学业内容 > 学习任务与评价 > 作业与练习
A,S1000-0044,STI-195dbf47abe5e181514b,accepted,agree,Emily的IELTS听力练习与薄弱项,教师持续反馈Emily的IELTS听力练习表现，并重点安排同义改写、关键词和词汇练习。,学习与学业内容,学习任务与评价,学习表现与反馈,学习与学业内容 > 学习任务与评价 > 学习表现与反馈,standard,19,0.19,19,1083737401|1083737403|1086312979|1090925481|1092226601|1093549561|1096149523|1096149525|1099443519|1099443521|1102017437|1102017439|1102017441|1102017443|1102017445|1102017447|1102017453|1104701223|1104701225,Emily的IELTS听力练习与薄弱项,学习与学业内容 > 学习任务与评价 > 学习表现与反馈
A,S1000-0044,STI-462a91cd3a4db008f27e,accepted,agree,Emily的IELTS听力分数估算,双方根据Emily的听力分项表现估算其IELTS听力约为7.5分，并说明这不是实际考试成绩。,学习与学业内容,学习任务与评价,测评与考试反馈,学习与学业内容 > 学习任务与评价 > 测评与考试反馈,standard,18,0.18,18,1108213349|1108213353|1108213355|1108213359|1108213361|1108213363|1108213365|1108213367|1108213369|1108213371|1108213373|1108213375|1108213377|1108213379|1108213381|1108213383|1108213385|1108213387,Emily的IELTS听力分数估算,学习与学业内容 > 学习任务与评价 > 测评与考试反馈
A,S1000-0044,STI-b0895ea115c1f8e7673e,accepted,agree,Emily主动输出与课堂引导方式调整,家长与教师商定通过朗读、记忆、关键词提示和独立表达，减少Emily对教师提示的依赖。,教学与课程内容,教学材料与实施,教学方法与课堂活动,教学与课程内容 > 教学材料与实施 > 教学方法与课堂活动,standard,14,0.14,14,1105891521|1105891523|1105891525|1105891527|1105891529|1108213331|1108213333|1108213335|1108213337|1108213339|1108213341|1108213343|1108213345|1108213347,Emily主动输出与课堂引导方式调整,教学与课程内容 > 教学材料与实施 > 教学方法与课堂活动
A,S1000-0044,STI-b1a67803c36ebf192820,corrected,problem,后续英语材料与写作表达安排,家长调整后续学习材料，要求继续积累同义改写，并教授观点展开和高级词汇表达。,教学与课程内容,教学材料与实施,教材与课程进度,教学与课程内容 > 教学材料与实施 > 教材与课程进度,standard,5,0.05,5,1109513383|1109513385|1109513387|1109513389|1109513393,后续英语材料与写作表达安排,学习与学业内容 > 学科与技能学习 > 英语语言学习
A,S1000-0045,STI-397365f59269e500ce45,accepted,agree,完成作业后的金币奖励,因完成全部作业，学生获得额外金币奖励及对应奖励码。,学习与学业内容,学习任务与评价,作业与练习,学习与学业内容 > 学习任务与评价 > 作业与练习,standard,6,0.06,6,1081847359|1081847363|1081847365|1081847367|1081847375|1081847377,完成作业后的金币奖励,学习与学业内容 > 学习任务与评价 > 作业与练习
A,S1000-0045,STI-4ae90a3a84058d291f52,corrected,problem,软件卡顿、更新失败与安装包处理,双方处理软件长期卡顿、更新失败和重新安装包的问题，并讨论数据与金币补偿。,特殊内容主题,敏感与未见内容,其他/待细分主题,特殊内容主题 > 敏感与未见内容 > 其他/待细分主题,standard,20,0.2,20,1083084443|1083084445|1083084451|1083084453|1083084455|1083084459|1083084461|1083084463|1083084465|1083084467|1084392701|1084392703|1084392705|1084392707|1084392709|1084392711|1084392713|1084392715|1084392717|1086951289,软件卡顿、更新失败与安装包处理,数字平台与技术 > 数字技术与访问 > 应用与设备使用
A,S1000-0045,STI-4f5d00971337c4029af4,corrected,problem,智子拆解显示与页面卡顿问题,双方排查智子拆解金币显示、页面卡顿和答题校验相关的软件问题。,特殊内容主题,敏感与未见内容,其他/待细分主题,特殊内容主题 > 敏感与未见内容 > 其他/待细分主题,standard,22,0.22,22,1080817305|1081847327|1081847329|1081847331|1081847333|1081847335|1081847337|1081847339|1081847341|1081847343|1081847345|1081847347|1081847349|1081847351|1081847353|1081847355|1081847357|1081847369|1081847371|1081847385|1081847391|1081847393,智子拆解显示与页面卡顿问题,数字平台与技术 > 数字技术与访问 > 连接与设备故障
A,S1000-0045,STI-54d407a17534f29c9a4c,accepted,agree,将素材制作成智子的格式沟通,学生请求将素材制作成智子，双方确认原图、动图、视频和序列帧等素材格式。,娱乐与创作,创作与角色文化,音视频创作,娱乐与创作 > 创作与角色文化 > 音视频创作,standard,10,0.1,10,1095536713|1095536715|1095536717|1095536719|1095536721|1095536723|1095536725|1095536727|1095536729|1095536731,将素材制作成智子的格式沟通,娱乐与创作 > 创作与角色文化 > 音视频创作
A,S1000-0045,STI-ed5f4d10e7cde8313c8e,unreviewed,,许愿池规则与排序机制优化方案,聊天中提出许愿池的容量限制、投票衰减、排序、归档及Rust实现方案。,,,,,short_candidate,4,0.04,4,1081847395|1081847397|1081847399|1083084441,许愿池规则与排序机制优化方案,
A,S1000-0046,STI-093ffe95655b84663d2a,accepted,agree,相亲与理性认识伴侣,双方讨论相亲是否必然失败，以及认识伴侣时保持理性判断的问题。,人际关系与社交,人际关系与身份,恋爱与亲密关系,人际关系与社交 > 人际关系与身份 > 恋爱与亲密关系,standard,8,0.08,8,1081753421|1081753423|1081753425|1081753427|1081753429|1081753431|1081753433|1081753435,相亲与理性认识伴侣,人际关系与社交 > 人际关系与身份 > 恋爱与亲密关系
A,S1000-0046,STI-4f945c23c5df16425150,accepted,agree,对方失联与关系前景的讨论,双方讨论一名对象长期未联系、是否会重逢，以及提问者对继续关系和自身处境的顾虑。,人际关系与社交,人际关系与身份,恋爱与亲密关系,人际关系与社交 > 人际关系与身份 > 恋爱与亲密关系,standard,60,0.6,60,1079697055|1079697059|1079697063|1079697065|1079697067|1079697069|1079697071|1079697073|1079697075|1079697077|1079697079|1079697081|1079697083|1079697087|1079697089|1079697091|1082989897|1082989901|1082989903|1082989905|1082989907|1082989909|1082989911|1082989913|1082989915|1082989917|1082989919|1082989921|1082989923|1082989925|1082989927|1082989929|1082989931|1082989933|1082989935|1082989937|1082989939|1082989941|1082989943|1082989945|1082989947|1082989949|1082989951|1082989953|1082989955|1082989957|1082989959|1082989961|1082989967|1084303997|1084303999|1084304001|1084304003|1084304005|1084304007|1084304009|1084304011|1084304013|1084304015|1084304017,对方失联与关系前景的讨论,人际关系与社交 > 人际关系与身份 > 恋爱与亲密关系
A,S1000-0046,STI-dc0d93e956b640bbc914,accepted,agree,家庭关系与提升独立生活能力,双方讨论家庭成员关系、个人自主生活的困难，以及通过学习绘画等方式提升生活能力。,人际关系与社交,人际关系与身份,家庭与亲属关系,人际关系与社交 > 人际关系与身份 > 家庭与亲属关系,standard,26,0.26,26,1081753437|1081753439|1081753441|1081753443|1081753445|1081753447|1081753449|1081753451|1081753453|1081753455|1081753457|1081753459|1081753461|1081753463|1081753465|1081753467|1081753469|1081753471|1081753473|1081753475|1081753477|1081753479|1081753481|1081753483|1081753485|1081753487,家庭关系与提升独立生活能力,人际关系与社交 > 人际关系与身份 > 家庭与亲属关系
A,S1000-0047,STI-44853083f4f36fc3dcfe,accepted,agree,作业完成计划与页数要求,双方确认作业的起始页、计划完成量，并要求增加完成页数。,学习与学业内容,学习任务与评价,作业与练习,学习与学业内容 > 学习任务与评价 > 作业与练习,standard,15,0.15,15,1081766535|1081766537|1081766539|1081766541|1081766543|1081766545|1081766547|1081766549|1081766551|1081766553|1081766563|1081766565|1081766567|1081766593|1081766595,作业完成计划与页数要求,学习与学业内容 > 学习任务与评价 > 作业与练习
A,S1000-0047,STI-9371d658ab90d94f9438,accepted,agree,学生接送与门卡回收,一方交代不同课程结束后的学生接送和门卡回收事项。,,,,,short_candidate,3,0.03,3,1081766569|1081766571|1081766573,学生接送与门卡回收,
A,S1000-0047,STI-992d5576862cf72e9d8e,accepted,agree,线上答疑直播通知,消息通知家长观看周日线上答疑直播，并给出语文学科时段。,,,,,short_candidate,1,0.01,1,1085619349,线上答疑直播通知,
A,S1000-0047,STI-bf5b7c6bb9bdc5e356ec,accepted,agree,到教室与接送会合安排,双方多次安排到教室、下楼会合、接送及到达确认。,人际关系与社交,社交活动与日常互动,社交活动与见面,人际关系与社交 > 社交活动与日常互动 > 社交活动与见面,standard,34,0.34,34,1080755321|1080755323|1080755325|1081766517|1081766519|1081766609|1081766611|1081766613|1083005249|1083005251|1083005253|1083005255|1083005257|1083005259|1083005261|1084318641|1084318643|1084318645|1084318647|1084318649|1084318651|1084318653|1084318655|1084318657|1084318659|1084318661|1084318663|1084318671|1085619323|1085619325|1085619327|1085619329|1085619331|1085619347,到教室与接送会合安排,人际关系与社交 > 社交活动与日常互动 > 社交活动与见面
A,S1000-0047,STI-ff9d6caf00f2c2e3f447,accepted,agree,餐食与饮品领取安排,双方多次沟通餐食、饮品订单及前往领取的安排。,日常生活与健康,生活与健康,日常生活与饮食,日常生活与健康 > 生活与健康 > 日常生活与饮食,standard,37,0.37,37,1079710107|1079710109|1079710111|1079710113|1079710115|1079710117|1079710119|1081766521|1081766525|1081766527|1081766531|1081766533|1081766555|1081766557|1081766559|1081766561|1081766575|1081766579|1081766581|1081766583|1081766585|1081766587|1081766589|1081766593|1081766601|1081766603|1081766605|1081766607|1084318665|1084318667|1084318669|1085619333|1085619335|1085619337|1085619339|1085619341|1085619343,餐食与饮品领取安排,日常生活与健康 > 生活与健康 > 日常生活与饮食
A,S1000-0048,STI-5b32849c0674b7eaa4ed,accepted,agree,招募英语教师的推荐通知,群内发布招募具备高级英语课程教学能力的英美加英语教师，并说明推荐奖励。,课程运营与服务,课程服务管理,教师事务与人员管理,课程运营与服务 > 课程服务管理 > 教师事务与人员管理,special_business,3,0.03,3,1083906583|1083906585|1083906587,招募英语教师的推荐通知,课程运营与服务 > 课程服务管理 > 教师事务与人员管理
A,S1000-0048,STI-619c3cc8129f4ba843be,accepted,agree,学生请假与课程缺席通知,群内多次通知学生迟到、请假或缺席课程，教师逐一确认。,课程运营与服务,课程排期与出勤,到课与缺勤处理,课程运营与服务 > 课程排期与出勤 > 到课与缺勤处理,standard,35,0.35,35,1082616283|1082616285|1083906589|1083906591|1083906593|1083906595|1085193307|1085193309|1085193311|1085193313|1086475211|1086475213|1087725013|1088847813|1089863335|1089863337|1089863339|1089863341|1091086527|1091086529|1102171127|1102171129|1102171131|1103515329|1103515335|1103515347|1103515349|1103515353|1103515355|1103515357|1103515359|1104847535|1104847537|1104847539|1104847541,学生请假与课程缺席通知,课程运营与服务 > 课程排期与出勤 > 到课与缺勤处理
A,S1000-0048,STI-6c0512ba9323b465408a,accepted,agree,课堂内容聚焦与学习难度反馈,班主任转达家长对课堂跑题和学习难度的反馈，教师说明后续会调整内容与节奏。,教学与课程内容,教学反馈与记录,教学反馈与质量,教学与课程内容 > 教学反馈与记录 > 教学反馈与质量,standard,9,0.09,9,1082616273|1082616275|1082616279|1103515331|1103515333|1103515337|1103515339|1103515341|1103515343,课堂内容聚焦与学习难度反馈,教学与课程内容 > 教学反馈与记录 > 教学反馈与质量
A,S1000-0048,STI-789584606cebaf6a8a03,accepted,agree,停电缺课与补课时间协商,教师因停电无法上课，班主任询问后续可用时间并协商补课时段。,课程运营与服务,课程排期与出勤,课程变更与补课,课程运营与服务 > 课程排期与出勤 > 课程变更与补课,standard,15,0.15,15,1110987259|1110987261|1110987263|1110987265|1110987267|1110987269|1110987271|1110987275|1110987277|1110987279|1110987285|1110987287|1110987289|1110987291|1110987293,停电缺课与补课时间协商,课程运营与服务 > 课程排期与出勤 > 课程变更与补课
A,S1000-0048,STI-8dd8d056dce4cd6545c1,accepted,agree,雷暴期间可能断线说明,教师告知当地雷暴可能导致断线，同时说明会继续参加课程。,日常生活与健康,环境与出行,天气与公共环境,日常生活与健康 > 环境与出行 > 天气与公共环境,special_business,4,0.04,4,1097450171|1097450173|1097450175|1097450177,雷暴期间可能断线说明,日常生活与健康 > 环境与出行 > 天气与公共环境
A,S1000-0048,STI-b5ea683ef2210fa50bd5,accepted,agree,学生教材与阅读级别调整,班主任和教师沟通多名学生的教材更换、阅读材料及适合的学习级别。,教学与课程内容,教学材料与实施,教材与材料选择,教学与课程内容 > 教学材料与实施 > 教材与材料选择,standard,23,0.23,23,1080457241|1080457243|1081460543|1081460545|1081460547|1082616267|1082616277|1082616279|1082616281|1096304637|1096304639|1097450179|1097450181|1106013165|1106013167|1106013169|1106013171|1106013173|1106013175|1106013177|1106013179|1106013181|1106013183,学生教材与阅读级别调整,教学与课程内容 > 教学材料与实施 > 教材与材料选择
A,S1000-0048,STI-cd8248f3adbf9ef70b49,accepted,agree,七月课时表提交,教师提交七月课时表，班主任确认收到。,,,,,short_candidate,3,0.03,3,1083906575|1083906577|1083906579,七月课时表提交,
A,S1000-0049,STI-1cb20ac9b2a8c7d0aef8,accepted,agree,足球游戏阵容与卡牌评分交流,学生和班主任讨论足球游戏中的阵容评分、卡牌、球员属性及账号状态。,娱乐与创作,娱乐作品与活动,电子游戏与游玩,娱乐与创作 > 娱乐作品与活动 > 电子游戏与游玩,standard,37,0.37,37,1080326649|1081350521|1081350523|1082446371|1082446375|1083738469|1085018841|1085018843|1085018845|1089757375|1089757379|1089757381|1089757383|1089757385|1089757387|1089757389|1090926239|1090926245|1092227661|1092227663|1092227665|1096151275|1096151277|1096151279|1096151283|1096151285|1096151287|1096151293|1096151295|1098340911|1098340913|1098340915|1099444211|1100715575|1100715577|1102018595|1103361895,足球游戏阵容与卡牌评分交流,娱乐与创作 > 娱乐作品与活动 > 电子游戏与游玩
A,S1000-0049,STI-46ce7c8d00d4bdaf65b1,accepted,agree,线下聚餐地点与时间协调,群成员讨论线下聚餐能否参加、餐厅选择以及计划时间。,人际关系与社交,社交活动与日常互动,社交活动与见面,人际关系与社交 > 社交活动与日常互动 > 社交活动与见面,standard,26,0.26,26,1109514393|1109514395|1109514397|1109514399|1109514401|1109514403|1109514405|1109514407|1109514409|1109514411|1109514413|1109514415|1109514429|1109514431|1109514433|1109514439|1110835249|1110835251|1110835253|1110835255|1110835257|1110835259|1110835261|1110835263|1110835265|1110835267,线下聚餐地点与时间协调,人际关系与社交 > 社交活动与日常互动 > 社交活动与见面
A,S1000-0050,STI-13ef00b04fbfb41ea2b2,accepted,agree,提前进入会议室导致课程延误,双方处理家长提前进入会议室及使用旧会议号造成的无法入室和课程延误问题。,课程运营与服务,在线课程运行,在线教室与课程接入,课程运营与服务 > 在线课程运行 > 在线教室与课程接入,standard,15,0.15,15,1095490687|1095490689|1095490691|1095490693|1095490695|1095490697|1095490699|1095490701|1095490703|1095490705|1095490707|1095490709|1095490711|1095490713|1095490715,提前进入会议室导致课程延误,课程运营与服务 > 在线课程运行 > 在线教室与课程接入
A,S1000-0050,STI-2c8e6f27f07f2aae5d64,accepted,agree,开课进入与临时取消处理,双方处理教师迟到、身体不适、应用故障和进入教室异常引发的课程取消或调整。,课程运营与服务,课程排期与出勤,课程变更与补课,课程运营与服务 > 课程排期与出勤 > 课程变更与补课,standard,33,0.33,33,1081801977|1081801979|1081801981|1081801983|1081801987|1081801989|1081801991|1081801993|1084349273|1084349275|1084349277|1084349279|1084349281|1084349283|1084349285|1084349287|1084349289|1084349291|1084349293|1084349295|1084349297|1084349299|1085648865|1085648867|1085648869|1085648871|1091542451|1091542453|1091542455|1091542457|1091542459|1091542461|1091542463,开课进入与临时取消处理,课程运营与服务 > 课程排期与出勤 > 课程变更与补课
A,S1000-0050,STI-93b9e9de5edf25e7248b,accepted,agree,课时费、课时记录与加课安排,双方沟通课时费转账、课时记录更正及空余时段能否加课。,课程运营与服务,课程服务管理,课程费用与薪酬,课程运营与服务 > 课程服务管理 > 课程费用与薪酬,standard,12,0.12,12,1080782809|1089209975|1089209977|1089209979|1089209981|1090214251|1090214253|1090214255|1090214257|1090214259|1090214261|1097806231,课时费、课时记录与加课安排,课程运营与服务 > 课程服务管理 > 课程费用与薪酬
A,S1000-0050,STI-988d40ad128356b95325,accepted,agree,是否聘用男教师的询问,教师询问是否聘用男教师，对方说明当前不考虑。,,,,,short_candidate,3,0.03,3,1084349267|1084349269|1084349271,是否聘用男教师的询问,
A,S1000-0050,STI-9e539f76621ac03ec870,accepted,agree,恶劣天气导致停电断网与补课处理,教师因暴雨引发的断网和停电无法继续上课，双方处理取消、通知、退款及后续补课请求。,课程运营与服务,课程排期与出勤,课程变更与补课,课程运营与服务 > 课程排期与出勤 > 课程变更与补课,standard,21,0.21,21,1088147391|1088147393|1088147395|1088147397|1088147399|1088147401|1088147403|1088147405|1088147407|1088147409|1088147411|1089209961|1089209963|1089209965|1089209967|1089209969|1089209971|1089209973|1094180263|1094180265|1094180267,恶劣天气导致停电断网与补课处理,课程运营与服务 > 课程排期与出勤 > 课程变更与补课
B,S1000-0101,STI-44638b05c76333bc615b,accepted,agree,失眠与身体不适表达,一名学生提到贫血和低血糖带来的不适，并说因睡不着而画画。,,,,,short_candidate,3,0.03,3,1103869085|1103869087|1103869089,失眠与身体不适表达,
B,S1000-0101,STI-c22d05a4c3b484078c96,accepted,agree,群成员加入来源与群内处理,群成员讨论多名陌生成员的入群来源、邀请码传播，以及对群内宣传行为和移出成员的看法。,数字平台与技术,账号与在线社群,群组与社群设置,数字平台与技术 > 账号与在线社群 > 群组与社群设置,standard,43,0.43,43,1102567093|1102567095|1102567097|1102567099|1102567101|1102567111|1102567113|1102567115|1102567123|1102567125|1102567127|1102567131|1102567133|1102567135|1102567143|1102567145|1102567149|1102567151|1102567153|1102567155|1102567159|1102567161|1102567163|1103869103|1103869113|1103869115|1103869117|1103869119|1103869121|1103869123|1103869125|1103869127|1103869129|1103869131|1103869133|1103869135|1103869139|1103869141|1103869145|1103869147|1103869149|1103869151|1103869153,群成员加入来源与群内处理,数字平台与技术 > 账号与在线社群 > 群组与社群设置
B,S1000-0102,STI-371072a8023766251d73,accepted,agree,教师当日无法授课后的改期安排,教师因医疗复诊及返程时间无法按原计划上课，家长同意将课程改到次日。,课程运营与服务,课程排期与出勤,课程变更与补课,课程运营与服务 > 课程排期与出勤 > 课程变更与补课,standard,6,0.06,6,1093806013|1093806015|1093806017|1093806019|1093806021|1093806023,教师当日无法授课后的改期安排,课程运营与服务 > 课程排期与出勤 > 课程变更与补课
B,S1000-0102,STI-75575d52aefb902ab9de,accepted,agree,Mia和Max的英语课堂学习反馈,教师反馈Mia和Max在英语表达、词汇、音乐、日历和课堂参与等方面的表现，并提出继续练习的方向。,学习与学业内容,学习任务与评价,学习表现与反馈,学习与学业内容 > 学习任务与评价 > 学习表现与反馈,standard,27,0.27,27,1081525301|1081525303|1082714579|1084004467|1085292807|1086560069|1086560075|1087810817|1087810819|1091178931|1093806007|1093806009|1093806011|1096386619|1096386623|1096386629|1096386631|1097515049|1097515055|1098486683|1099669939|1099669941|1099669945|1099669947|1100950101|1102255113|1102255115,Mia和Max的英语课堂学习反馈,学习与学业内容 > 学习任务与评价 > 学习表现与反馈
B,S1000-0102,STI-d4a53e12745ae0ca48a0,accepted,agree,Mia课堂进入迟到与网络连接,双方沟通Mia进入课堂较晚、网络连接缓慢及教师在教室等待的情况。,课程运营与服务,课程排期与出勤,到课与缺勤处理,课程运营与服务 > 课程排期与出勤 > 到课与缺勤处理,standard,12,0.12,12,1100950105|1100950107|1102255089|1102255091|1102255093|1102255095|1102255097|1102255099|1102255101|1102255103|1102255109|1102255111,Mia课堂进入迟到与网络连接,课程运营与服务 > 课程排期与出勤 > 到课与缺勤处理
B,S1000-0102,STI-fe0ed5de9647a4a7bba3,accepted,agree,课程资料、参课学生与课程进度安排,双方沟通Mia和Max分别上课的安排、课件发送，以及课程章节的继续进度。,教学与课程内容,教学材料与实施,教材与课程进度,教学与课程内容 > 教学材料与实施 > 教材与课程进度,standard,32,0.32,32,1080532857|1080532859|1080532863|1081525299|1084004469|1086560069|1086560071|1087810817|1091178933|1092482437|1092482439|1092482441|1092482443|1092482445|1092482447|1095111113|1095111115|1095111117|1095111119|1096386621|1096386625|1097515041|1097515045|1097515047|1097515051|1097515053|1098486685|1099669949|1102255085|1102255087|1102255105|1102255107,课程资料、参课学生与课程进度安排,教学与课程内容 > 教学材料与实施 > 教材与课程进度
B,S1000-0103,STI-098f86bc32858650572d,corrected,problem,数学学习薄弱点、作业反馈与复习安排,教师与家长持续讨论学生数学课程表现、错题和基础薄弱点，并安排七上课程收尾、六年级错题复习及后续取舍。,学习与学业内容,学习任务与评价,学习表现与反馈,学习与学业内容 > 学习任务与评价 > 学习表现与反馈,standard,79,0.79,79,1083912229|1083912231|1083912233|1085200003|1085200005|1085200007|1085200009|1085200011|1085200013|1085200015|1085200017|1085200019|1085200021|1085200023|1085200025|1085200031|1085200033|1085200035|1085200037|1085200039|1085200041|1085200043|1085200045|1085200047|1085200049|1085200051|1085200053|1085200055|1086480461|1087728679|1087728681|1087728683|1087728685|1087728687|1087728691|1087728693|1087728695|1087728697|1087728699|1091091171|1091091175|1091091177|1091091179|1091091181|1091091183|1091091187|1091091189|1091091193|1091091195|1091091197|1091091199|1091091201|1091091203|1091091205|1091091207|1091091209|1091091211|1091091213|1091091215|1091091217|1092396291|1092396293|1092396295|1092396297|1092396299|1092396303|1092396305|1092396307|1092396309|1092396311|1092396313|1092396315|1092396317|1092396319|1092396321|1092396323|1092396325|1092396327|1092396329,数学学习薄弱点、作业反馈与复习安排,学习与学业内容 > 学科与技能学习 > 数学学习
B,S1000-0103,STI-e4b174b15eabed709de1,accepted,agree,笔记本故障与当日上课时间调整,家长因孩子笔记本无法启动申请调整课程时间，设备恢复后确认下午可上课。,数字平台与技术,数字技术与访问,连接与设备故障,数字平台与技术 > 数字技术与访问 > 连接与设备故障,standard,9,0.09,9,1082620869|1082620871|1082620873|1082620875|1082620877|1082620879|1082620881|1082620883|1082620885,笔记本故障与当日上课时间调整,数字平台与技术 > 数字技术与访问 > 连接与设备故障
B,S1000-0104,STI-4e8ce5981280559465c3,accepted,agree,公开课邀请通知,会话中多次发送公开课邀请，提供各场公开课的时间、课程ID和进入链接。,课程运营与服务,在线课程运行,在线教室与课程接入,课程运营与服务 > 在线课程运行 > 在线教室与课程接入,standard,21,0.21,21,1080427925|1080427927|1081435579|1081435587|1082578297|1083865173|1085153481|1087685727|1088820713|1089841999|1091052825|1092353545|1093679323|1094985989|1096270609|1097425969|1098415883|1099560543|1100835863|1102135959|1103483373,公开课邀请通知,课程运营与服务 > 在线课程运行 > 在线教室与课程接入
B,S1000-0104,STI-80656d9319fe44999fcc,corrected,problem,上课进入时间与临时调整,师生沟通多次课程的进入时间，包括等待、延后上课、学生短暂迟到及改为21点上课。,课程运营与服务,课程排期与出勤,课程变更与补课,课程运营与服务 > 课程排期与出勤 > 课程变更与补课,standard,21,0.21,21,1081435591|1082578299|1088820715|1088820717|1088820719|1088820721|1093679309|1093679311|1093679315|1096270603|1096270605|1097425965|1097425967|1097425971|1099560539|1099560541|1100835847|1100835855|1100835857|1100835859|1100835861,上课进入时间与临时调整,课程运营与服务 > 课程排期与出勤 > 到课与缺勤处理
B,S1000-0104,STI-ecbf0a82a77ff97c6453,accepted,agree,课文背诵与词汇抽查安排,师生围绕课文背诵进度、是否看中文背诵、随机抽背、全文背诵及1、2单元单词抽查进行安排。,学习与学业内容,学习任务与评价,作业与练习,学习与学业内容 > 学习任务与评价 > 作业与练习,standard,44,0.44,44,1081435581|1081435583|1081435585|1081435589|1081435595|1081435597|1081435599|1081435601|1086438437|1086438439|1086438441|1086438443|1086438445|1093679305|1093679307|1093679309|1093679311|1093679313|1093679315|1093679317|1093679319|1093679321|1100835865|1100835869|1100835871|1100835873|1100835875|1100835877|1100835881|1100835883|1102135963|1102135967|1102135969|1102135971|1103483361|1103483363|1103483365|1103483367|1103483369|1103483375|1104813397|1104813401|1104813403|1104813405,课文背诵与词汇抽查安排,学习与学业内容 > 学习任务与评价 > 作业与练习
B,S1000-0105,STI-115771df9e1071b4de80,accepted,agree,贵金属及原油行情分析与交易操作讨论,群成员讨论原油和贵金属的价格走势、技术形态与支撑压力位，并交流锁单、建仓、止盈和等待回踩等交易操作。,金融与公共信息,金融与公共议题,金融市场与交易,金融与公共信息 > 金融与公共议题 > 金融市场与交易,standard,95,0.95,95,1082595251|1083885699|1083885701|1083885703|1083885705|1083885707|1083885709|1083885711|1083885713|1083885715|1083885717|1083885719|1083885721|1083885723|1083885727|1083885729|1083885731|1083885733|1083885735|1083885737|1083885739|1083885741|1085173099|1085173101|1085173103|1085173105|1085173107|1085173109|1085173111|1085173113|1085173117|1085173119|1085173121|1085173125|1085173127|1085173129|1085173131|1085173133|1085173135|1085173137|1085173139|1085173141|1085173143|1085173145|1085173147|1085173149|1085173151|1085173153|1085173155|1085173157|1085173159|1085173161|1085173163|1085173165|1085173167|1085173169|1085173171|1085173173|1085173175|1085173177|1085173179|1085173181|1085173183|1085173185|1085173187|1085173191|1085173193|1085173195|1085173197|1085173199|1085173201|1086456533|1086456535|1086456537|1086456539|1086456541|1086456543|1086456547|1086456549|1086456551|1086456553|1086456555|1086456557|1086456559|1086456561|1086456563|1086456565|1086456567|1086456569|1086456571|1091068379|1092370767|1092370769|1092370771|1092370773,贵金属及原油行情分析与交易操作讨论,金融与公共信息 > 金融与公共议题 > 金融市场与交易
B,S1000-0106,STI-3458d2d3078ef3db5d7c,accepted,agree,小猪佩奇材料试课与课堂互动反馈,双方确认使用小猪佩奇材料试课，并交流孩子对故事、阅读和对话活动的反应。,教学与课程内容,教学材料与实施,教学方法与课堂活动,教学与课程内容 > 教学材料与实施 > 教学方法与课堂活动,standard,15,0.15,15,1087671251|1087671253|1087671255|1087671263|1087671265|1087671267|1087671271|1087671275|1088809405|1088809407|1088809411|1089829951|1089829957|1089829963|1089829965,小猪佩奇材料试课与课堂互动反馈,教学与课程内容 > 教学材料与实施 > 教学方法与课堂活动
B,S1000-0106,STI-7a9a790c8c0ce4e53606,accepted,agree,课程取消、可用时间与上课时间协调,双方沟通课程取消原因、可上课时间、改约及临近开课的等待安排。,课程运营与服务,课程排期与出勤,课程变更与补课,课程运营与服务 > 课程排期与出勤 > 课程变更与补课,standard,20,0.2,20,1080416039|1080416041|1080416043|1081424129|1081424131|1082560941|1085134009|1094969781|1094969783|1094969785|1096255967|1107058855|1107058857|1107058859|1107058861|1108310931|1108310933|1108310935|1108310937|1110933365,课程取消、可用时间与上课时间协调,课程运营与服务 > 课程排期与出勤 > 课程变更与补课
B,S1000-0106,STI-d8efa456b2cdf51a7178,accepted,agree,课堂口语互动与预约课程内容确认,家长要求增加口语交流，并与教师确认后续预约内容可改为自由交谈及视频互动。,教学与课程内容,教学材料与实施,教学方法与课堂活动,教学与课程内容 > 教学材料与实施 > 教学方法与课堂活动,standard,17,0.17,17,1104796605|1104796607|1104796611|1104796613|1104796621|1104796625|1112338037|1112338039|1112338045|1112338047|1112338049|1112338051|1112338053|1112338055|1112338057|1112338059|1112338061,课堂口语互动与预约课程内容确认,教学与课程内容 > 教学材料与实施 > 教学方法与课堂活动
B,S1000-0107,STI-190d8ab0a46ca351f3c4,accepted,agree,首课前平台切换、教材获取与报错处理,教师在首课前确认使用平台、索取教材，并配合提交报错截图；管理方说明报错不影响正常上课。,数字平台与技术,数字技术与访问,连接与设备故障,数字平台与技术 > 数字技术与访问 > 连接与设备故障,standard,20,0.2,20,1097712215|1097712217|1097712219|1097712221|1097712223|1097712225|1097712227|1097712229|1097712235|1097712237|1097712239|1097712241|1097712243|1097712245|1097712247|1097712249|1097712251|1097712257|1097712259|1097712261,首课前平台切换、教材获取与报错处理,数字平台与技术 > 数字技术与访问 > 连接与设备故障
B,S1000-0107,STI-429c8fec757131164c07,accepted,agree,新教师入职资料、工作规范与教学要求,群内向新教师说明工作规则、需提交的个人与教学资料，以及课堂教学和课后记录要求。,课程运营与服务,课程服务管理,教师事务与人员管理,课程运营与服务 > 课程服务管理 > 教师事务与人员管理,standard,19,0.19,19,1096663901|1096663905|1096663907|1096663909|1096663911|1096663913|1096663915|1096663917|1096663919|1096663921|1096663923|1096663925|1096663927|1096663931|1096663935|1096663937|1096663941|1096663943|1096663945,新教师入职资料、工作规范与教学要求,课程运营与服务 > 课程服务管理 > 教师事务与人员管理
B,S1000-0107,STI-d8d091843fcdc7c82acd,accepted,agree,VooV固定会议链接与授课时段设置,教师按要求创建并修正VooV固定会议链接，使其覆盖可预约的上课时间。,课程运营与服务,在线课程运行,在线教室与课程接入,课程运营与服务 > 在线课程运行 > 在线教室与课程接入,standard,15,0.15,15,1096663929|1096663933|1096663947|1096663949|1096663951|1096663959|1096663961|1096663963|1096663965|1096663967|1096663969|1096663971|1096663973|1097712231|1097712233,VooV固定会议链接与授课时段设置,课程运营与服务 > 在线课程运行 > 在线教室与课程接入
B,S1000-0107,STI-ecfd3e71c311c9795728,accepted,agree,课堂教学改进、备课与家长反馈,群内反馈课堂中重复内容和语法问题，要求按学生水平备课；教师确认改进并跟进家长反馈。,教学与课程内容,教学反馈与记录,教学反馈与质量,教学与课程内容 > 教学反馈与记录 > 教学反馈与质量,standard,31,0.31,31,1097712263|1097712265|1097712267|1097712269|1097712271|1097712275|1097712277|1097712279|1097712281|1097712283|1097712285|1097712289|1098640789|1098640791|1098640793|1098640795|1098640797|1098640799|1098640801|1098640803|1099874163|1101137701|1101137705|1103788523|1103788525|1103788527|1103788529|1103788531|1103788533|1103788535|1103788537,课堂教学改进、备课与家长反馈,教学与课程内容 > 教学反馈与记录 > 教学反馈与质量
B,S1000-0108,STI-13d3c331b05625b88a2e,corrected,problem,试点数据构建、代码修改与样本处理,双方构建科技金融试点变量并处理历史数据、企业迁址和缺失观测，同时讨论基准回归设置。,学习与学业内容,学科与技能学习,理科与工程学习,学习与学业内容 > 学科与技能学习 > 理科与工程学习,standard,40,0.4,40,1087717013|1087717015|1087717017|1091080703|1091080705|1091080707|1091080709|1091080711|1091080713|1091080715|1091080717|1091080719|1091080721|1091080723|1091080725|1091080729|1091080731|1091080733|1091080735|1091080737|1091080739|1091080745|1092384737|1097446409|1097446411|1097446415|1097446417|1099587831|1099587835|1100864427|1102165671|1102165673|1102165675|1102165677|1102165679|1102165681|1102165683|1102165685|1102165689|1102165691,试点数据构建、代码修改与样本处理,教育与工作经济 > 研究与经济活动 > 学术研究与论文
B,S1000-0108,STI-2e3946fccc5af55e82cd,corrected,problem,论文政策试点选题与研究问题选择,双方讨论可用于论文的政策试点及其研究空间，教师建议优先考虑科技金融结合试点。,学习与学业内容,学科与技能学习,理科与工程学习,学习与学业内容 > 学科与技能学习 > 理科与工程学习,standard,24,0.24,24,1085186831|1085186835|1085186837|1085186839|1085186841|1085186847|1085186849|1085186851|1085186853|1085186857|1087716981|1087716983|1087716985|1087716987|1087716989|1087716991|1087716993|1087716995|1087716997|1087716999|1087717001|1087717003|1087717005|1087717009,论文政策试点选题与研究问题选择,教育与工作经济 > 研究与经济活动 > 学术研究与论文
B,S1000-0108,STI-b9d5718f8e82ff9771ed,accepted,agree,事件研究图与平行趋势检验,学生解释事件研究图的基准期，教师指出政策前系数不支持平行趋势并要求补充回归结果。,教育与工作经济,研究与经济活动,学术研究与论文,教育与工作经济 > 研究与经济活动 > 学术研究与论文,standard,8,0.08,8,1103509771|1103509773|1103509775|1104841009|1104841011|1104841013|1104841015|1104841017,事件研究图与平行趋势检验,教育与工作经济 > 研究与经济活动 > 学术研究与论文
B,S1000-0109,STI-0d96b4234ee41487147c,accepted,agree,颖咲子角色设定与二次元相关创作,交流漫画家颖咲子的角色设定、情感特征、动漫偏好及相关衍生创作。,娱乐与创作,创作与角色文化,文字与角色创作,娱乐与创作 > 创作与角色文化 > 文字与角色创作,standard,11,0.11,11,1085369067|1086633251|1086633253|1086633255|1086633257|1086633259|1086633261|1086633263|1086633265|1086633267|1086633269,颖咲子角色设定与二次元相关创作,娱乐与创作 > 创作与角色文化 > 文字与角色创作
B,S1000-0109,STI-55cb720016e52a6fbba4,accepted,agree,给筱涵的生日祝福,向筱涵发送包含二次元元素的生日祝福。,,,,,short_candidate,1,0.01,1,1088969183,给筱涵的生日祝福,
B,S1000-0109,STI-8625a96d83b3558d6ba2,accepted,agree,多国角色与亲友关系故事创作,围绕多国角色及其亲友关系创作茶会、旅行、告白和校园表演等故事。,娱乐与创作,创作与角色文化,文字与角色创作,娱乐与创作 > 创作与角色文化 > 文字与角色创作,standard,30,0.3,30,1086633279|1086633281|1086633283|1086633285|1087880743|1087880745|1087880747|1087880749|1087880751|1087880753|1087880755|1087880757|1087880759|1087880761|1087880763|1087880765|1087880767|1087880769|1087880771|1087880773|1087880775|1087880777|1087880779|1087880781|1087880783|1087880785|1087880787|1087880789|1087880791|1087880793,多国角色与亲友关系故事创作,娱乐与创作 > 创作与角色文化 > 文字与角色创作
B,S1000-0109,STI-9138b9f06f1778e63cdc,accepted,agree,超忆症是否属于天才的提问,询问超忆症能否被视为某种天才表现。,,,,,short_candidate,1,0.01,1,1088969187,超忆症是否属于天才的提问,
B,S1000-0109,STI-a2b84267f63a2592451e,accepted,agree,异能角色设定与多人幻想故事,发布多名异能角色的人设，并围绕这些角色构思和撰写幻想故事。,娱乐与创作,创作与角色文化,文字与角色创作,娱乐与创作 > 创作与角色文化 > 文字与角色创作,standard,8,0.08,8,1085369035|1085369059|1085369061|1085369063|1085369065|1086633271|1086633273|1086633275,异能角色设定与多人幻想故事,娱乐与创作 > 创作与角色文化 > 文字与角色创作
B,S1000-0109,STI-e3a256eb4ae9173ca2d5,accepted,agree,洛央、绘里、㲽海与谨年的角色故事创作,围绕洛央、绘里、㲽海和谨年持续生成校园、幻想与关系发展的故事片段。,娱乐与创作,创作与角色文化,文字与角色创作,娱乐与创作 > 创作与角色文化 > 文字与角色创作,standard,41,0.41,41,1085369033|1085369037|1085369039|1085369041|1085369043|1085369045|1085369047|1085369049|1085369051|1085369053|1085369055|1085369057|1085369069|1085369071|1085369073|1085369075|1085369077|1085369079|1086633277|1087880795|1087880797|1087880799|1087880801|1087880803|1087880805|1087880807|1087880809|1087880811|1087880813|1087880815|1087880817|1087880819|1087880821|1087880823|1087880825|1087880827|1087880829|1088969181|1088969189|1088969191|1088969193,洛央、绘里、㲽海与谨年的角色故事创作,娱乐与创作 > 创作与角色文化 > 文字与角色创作
B,S1000-0110,STI-036e9173954888956da1,accepted,agree,《咒术回战》与五条悟喜好交流,学生询问并交流班内对五条悟和《咒术回战》的喜好。,娱乐与创作,娱乐作品与活动,影视动漫与文学作品,娱乐与创作 > 娱乐作品与活动 > 影视动漫与文学作品,standard,15,0.15,15,1096341171|1096341173|1096341175|1096341177|1096341181|1096341183|1096341185|1096341189|1096341191|1096341193|1096341195|1096341197|1096341201|1096341203|1096341205,《咒术回战》与五条悟喜好交流,娱乐与创作 > 娱乐作品与活动 > 影视动漫与文学作品
B,S1000-0110,STI-74b3f7cc29012d0cb14a,accepted,agree,Minecraft联机服务器创建与游戏规则设置,学生协调Minecraft服务器接入方式、版本兼容、游戏难度和死亡后物品规则。,娱乐与创作,娱乐作品与活动,电子游戏与游玩,娱乐与创作 > 娱乐作品与活动 > 电子游戏与游玩,standard,67,0.67,67,1096341209|1096341211|1096341213|1096341215|1096341217|1096341219|1096341221|1096341223|1096341225|1096341227|1096341229|1096341233|1096341235|1096341237|1096341239|1096341241|1096341243|1096341245|1096341247|1096341249|1096341253|1096341255|1096341257|1096341259|1096341261|1096341263|1096341265|1096341267|1096341269|1096341271|1096341273|1096341275|1096341277|1096341279|1096341281|1096341283|1096341289|1096341291|1096341293|1096341297|1096341299|1096341301|1096341303|1096341305|1096341307|1096341309|1096341311|1096341313|1096341315|1096341317|1096341319|1096341323|1096341327|1096341329|1096341331|1096341335|1096341337|1096341339|1096341341|1096341343|1096341345|1096341347|1096341349|1096341351|1096341359|1096341361|1096341365,Minecraft联机服务器创建与游戏规则设置,娱乐与创作 > 娱乐作品与活动 > 电子游戏与游玩
B,S1000-0111,STI-2991b6caa2bd6bae647e,accepted,agree,询问小崔转述的评价与道歉,王思彤说明小崔已道歉，并询问对方具体如何评价自己。,人际关系与社交,人际关系与身份,同伴关系与互动,人际关系与社交 > 人际关系与身份 > 同伴关系与互动,standard,6,0.06,6,1091587109|1091587111|1091587113|1091587117|1091587133|1091587135,询问小崔转述的评价与道歉,人际关系与社交 > 人际关系与身份 > 同伴关系与互动
B,S1000-0111,STI-394d5f9c4a061a269673,accepted,agree,消息被屏蔽及分段发送,双方讨论一段消息为何被屏蔽，并以分段方式发送内容。,数字平台与技术,课堂工具与数字媒体,在线课堂工具使用,数字平台与技术 > 课堂工具与数字媒体 > 在线课堂工具使用,standard,12,0.12,12,1092910375|1092910377|1092910379|1092910381|1092910383|1092910385|1092910387|1092910389|1092910391|1092910393|1092910395|1092910397,消息被屏蔽及分段发送,数字平台与技术 > 课堂工具与数字媒体 > 在线课堂工具使用
B,S1000-0111,STI-44f9fa067d2d27a6f977,accepted,agree,确认FC E考试是否通过及分数,双方讨论王思彤是否通过FC E及其分数。,学习与学业内容,学习任务与评价,测评与考试反馈,学习与学业内容 > 学习任务与评价 > 测评与考试反馈,standard,13,0.13,13,1092910283|1092910285|1092910289|1092910291|1092910293|1092910295|1092910297|1092910299|1092910313|1092910315|1092910319|1092910321|1092910325,确认FC E考试是否通过及分数,学习与学业内容 > 学习任务与评价 > 测评与考试反馈
B,S1000-0111,STI-56e2013ddbfe9d33f7fc,accepted,agree,荟聚见面时间,王思彤询问对方是否去过西红门荟聚，并提到周四下午无课。,,,,,short_candidate,4,0.04,4,1092910403|1092910405|1092910407|1092910409,荟聚见面时间,
B,S1000-0111,STI-a3b6a852149980a6e85b,accepted,agree,约定通话时间,双方就次日上午是否可以通话进行确认。,数字平台与技术,账号与在线社群,在线联络与联系人,数字平台与技术 > 账号与在线社群 > 在线联络与联系人,standard,6,0.06,6,1091587141|1091587143|1091587145|1091587153|1091587155|1091587161,约定通话时间,数字平台与技术 > 账号与在线社群 > 在线联络与联系人
B,S1000-0111,STI-f03a928dc1b5500a276b,accepted,agree,教室语音听取问题,双方讨论为何无法听到教室中的语音发言。,,,,,short_candidate,3,0.03,3,1092910411|1092910413|1092910415,教室语音听取问题,
B,S1000-0112,STI-1522a4b7b9c401bd9d37,accepted,agree,布置、完成与评价作业,班主任布置简单作业，学生完成后获得回复、评价和惊喜提示。,学习与学业内容,学习任务与评价,作业与练习,学习与学业内容 > 学习任务与评价 > 作业与练习,standard,10,0.1,10,1096678199|1096678201|1096678207|1096678209|1096678211|1096678217|1096678219|1096678221|1096678223|1096678229,布置、完成与评价作业,学习与学业内容 > 学习任务与评价 > 作业与练习
B,S1000-0112,STI-7117adee742a391b4ebd,accepted,agree,询问返程位置及回家时间,双方多次询问对方在地铁或公交中的位置及何时回来。,日常生活与健康,环境与出行,旅行与地点经历,日常生活与健康 > 环境与出行 > 旅行与地点经历,standard,10,0.1,10,1096678225|1096678227|1096678233|1096678237|1096678239|1096678289|1096678291|1097716499|1097716591|1098642127,询问返程位置及回家时间,日常生活与健康 > 环境与出行 > 旅行与地点经历
B,S1000-0112,STI-c91485746ec7c5f3ab33,accepted,agree,与父母沟通中的否定与学习催促,双方讨论父母的否定性说话方式、指挥行为及学习催促。,人际关系与社交,人际关系与身份,家庭与亲属关系,人际关系与社交 > 人际关系与身份 > 家庭与亲属关系,standard,25,0.25,25,1096678245|1096678249|1096678255|1096678257|1096678259|1096678261|1096678263|1096678265|1096678267|1096678269|1096678271|1096678273|1096678275|1096678277|1096678279|1096678283|1096678287|1096678297|1096678299|1097716513|1097716515|1097716519|1097716523|1097716529|1097716533,与父母沟通中的否定与学习催促,人际关系与社交 > 人际关系与身份 > 家庭与亲属关系
B,S1000-0112,STI-dace32bbaedcb5b64255,accepted,agree,讨论verty相关负面评价与PC猫模板,双方讨论针对verty及其他角色的负面评价，并展示PC猫相关模板和提示。,特殊内容主题,敏感与未见内容,其他/待细分主题,特殊内容主题 > 敏感与未见内容 > 其他/待细分主题,standard,22,0.22,22,1097716543|1097716545|1097716547|1097716549|1097716551|1097716553|1097716555|1097716559|1097716561|1097716563|1097716565|1097716567|1097716569|1097716571|1097716573|1097716575|1097716577|1097716579|1097716583|1097716585|1097716587|1097716589,讨论verty相关负面评价与PC猫模板,特殊内容主题 > 敏感与未见内容 > 其他/待细分主题
B,S1000-0113,STI-100fe54c75deb4ecace9,accepted,agree,安排一起吃饭及取消原因,双方尝试安排单独吃饭，后因家庭聚餐安排取消，并讨论日后共进晚餐。,人际关系与社交,社交活动与日常互动,社交活动与见面,人际关系与社交 > 社交活动与日常互动 > 社交活动与见面,standard,29,0.29,29,1101249693|1101249695|1101249697|1101249705|1101249707|1101249709|1101249711|1101249719|1102517763|1102517765|1102517767|1102517769|1102517829|1102517831|1102517833|1102517835|1102517837|1102517839|1102517843|1102517845|1102517847|1102517849|1102517851|1102517853|1102517855|1102517859|1102517865|1102517869|1102517871,安排一起吃饭及取消原因,人际关系与社交 > 社交活动与日常互动 > 社交活动与见面
B,S1000-0113,STI-27c498f076100f47d9d6,accepted,agree,桨板活动与动作方式,LQX计划去玩桨板，并分享练习过程及站、坐、跪等动作方式。,娱乐与创作,娱乐作品与活动,体育与互动活动,娱乐与创作 > 娱乐作品与活动 > 体育与互动活动,standard,17,0.17,17,1101249663|1101249665|1101249667|1101249669|1102517785|1102517787|1102517789|1102517791|1102517811|1102517813|1102517815|1102517817|1102517819|1102517821|1102517823|1102517825|1102517827,桨板活动与动作方式,娱乐与创作 > 娱乐作品与活动 > 体育与互动活动
B,S1000-0113,STI-a100c0e478ae01d71d73,accepted,agree,联系不上对方后的安全担忧,LQX因暂时联系不上对方而担心其安全，后得知对方电脑没电且没有充电线。,数字平台与技术,账号与在线社群,在线联络与联系人,数字平台与技术 > 账号与在线社群 > 在线联络与联系人,standard,12,0.12,12,1102517771|1102517773|1102517775|1102517781|1102517783|1102517797|1102517799|1102517801|1102517803|1102517805|1102517807|1102517809,联系不上对方后的安全担忧,数字平台与技术 > 账号与在线社群 > 在线联络与联系人
B,S1000-0113,STI-a1f63588179f2c6369fb,corrected,problem,日常闲聊：骑车看手机险些碰撞及注意安全,LQX讲述骑车看手机时险些碰撞，班主任提醒其注意路况。,人际关系与社交,社交活动与日常互动,轻松闲聊与玩笑,人际关系与社交 > 社交活动与日常互动 > 轻松闲聊与玩笑,standard,13,0.13,13,1101249651|1101249653|1101249655|1101249657|1101249659|1101249661|1101249673|1101249675|1101249677|1101249679|1101249681|1101249683|1101249685,骑车看手机险些碰撞及安全提醒,金融与公共信息 > 金融与公共议题 > 安全、法律与风险
B,S1000-0114,STI-2d4522241f1c2e95a378,accepted,agree,调整课程时间与迟到安排,家长、教师和HR多次协调课程改期或改时，包括赶路迟到、发烧和在医院等情况。,课程运营与服务,课程排期与出勤,课程变更与补课,课程运营与服务 > 课程排期与出勤 > 课程变更与补课,standard,49,0.49,49,1090012343|1090012345|1090012349|1090012351|1090012357|1090012359|1090012361|1090012363|1090012367|1090012369|1090012371|1090012373|1090012375|1090012377|1090012379|1090012381|1090012383|1090012385|1090012393|1091300715|1091300717|1091300719|1091300721|1091300723|1091300725|1091300729|1091300731|1091300733|1091300735|1091300737|1091300739|1091300741|1091300745|1091300747|1091300749|1091300751|1091300753|1096496387|1096496389|1096496393|1096496395|1096496397|1096496401|1096496403|1096496407|1096496409|1096496411|1096496413|1096496415,调整课程时间与迟到安排,课程运营与服务 > 课程排期与出勤 > 课程变更与补课
B,S1000-0114,STI-4b053949eb2f9dc847c4,accepted,agree,剑桥少儿英语考试与A1 Movers备考,家长和教师确定以A1 Movers为尝试方向，并讨论使用教材和配套练习。,学习与学业内容,学习任务与评价,测评与考试反馈,学习与学业内容 > 学习任务与评价 > 测评与考试反馈,standard,10,0.1,10,1081681771|1081681779|1081681781|1084169343|1087945793|1087945797|1087945799|1087945801|1087945803|1089019189,剑桥少儿英语考试与A1 Movers备考,学习与学业内容 > 学习任务与评价 > 测评与考试反馈
B,S1000-0114,STI-a4f505041fa157202df7,accepted,agree,学生英语课堂表现与口语学习,家长与教师交流学生的英语课堂表现、理解情况、口语输出和课后复习。,学习与学业内容,学习任务与评价,学习表现与反馈,学习与学业内容 > 学习任务与评价 > 学习表现与反馈,standard,15,0.15,15,1081681771|1081681773|1081681775|1081681777|1081681779|1081681781|1082889971|1082889975|1084169339|1084169341|1086700405|1086700407|1086700409|1087945791|1087945795,学生英语课堂表现与口语学习,学习与学业内容 > 学习任务与评价 > 学习表现与反馈
B,S1000-0114,STI-b5cc627a56ef8ca3f76c,accepted,agree,Power Up 2教材适配性,家长与教师评估学生是否适合Power Up 2，并决定先继续使用并观察理解与兴趣。,教学与课程内容,教学材料与实施,教材与材料选择,教学与课程内容 > 教学材料与实施 > 教材与材料选择,standard,15,0.15,15,1082889961|1082889963|1082889967|1082889971|1082889973|1082889975|1082889977|1084169343|1087945799|1087945801|1091300755|1091300757|1092608085|1092608087|1092608089,Power Up 2教材适配性,教学与课程内容 > 教学材料与实施 > 教材与材料选择
B,S1000-0115,STI-59400074ea146030fffc,accepted,agree,奥特曼卡片与手办收藏,群成员交流童年奥特曼卡片经历，以及奥特曼手办的购买、价格和可玩性。,娱乐与创作,创作与角色文化,收藏与形象物品,娱乐与创作 > 创作与角色文化 > 收藏与形象物品,standard,12,0.12,12,1084258347|1084258361|1084258411|1084258413|1084258425|1084258427|1084258429|1084258433|1084258435|1084258437|1084258443|1084258447,奥特曼卡片与手办收藏,娱乐与创作 > 创作与角色文化 > 收藏与形象物品
B,S1000-0115,STI-6ff0fefa8557d73938ff,accepted,agree,好友列表消失与账号变更,群成员讨论好友列表中找不到对方，后得知对方账号被封且可能发生账号变更。,数字平台与技术,账号与在线社群,在线联络与联系人,数字平台与技术 > 账号与在线社群 > 在线联络与联系人,standard,10,0.1,10,1084258367|1084258369|1084258373|1084258375|1084258377|1084258381|1084258383|1084258385|1084258389|1084258391,好友列表消失与账号变更,数字平台与技术 > 账号与在线社群 > 在线联络与联系人
B,S1000-0115,STI-7938895105c3173b7363,accepted,agree,群内表情发送限制,群成员讨论表情发送是否会被禁言，班主任说明部分表情不能发送并确认其他表情可用。,数字平台与技术,账号与在线社群,群组与社群设置,数字平台与技术 > 账号与在线社群 > 群组与社群设置,standard,16,0.16,16,1084258295|1084258301|1084258311|1084258315|1084258319|1084258341|1084258353|1084258357|1084258359|1084258363|1084258379|1084258387|1084258399|1084258403|1084258405|1084258407,群内表情发送限制,数字平台与技术 > 账号与在线社群 > 群组与社群设置
B,S1000-0115,STI-be5ec43fd76eb291b90a,accepted,agree,邀请加入奥特曼主题班级,班主任发布加入“喜欢奥特曼的进”班级的邀请、班级号和加入方式。,数字平台与技术,账号与在线社群,群组与社群设置,数字平台与技术 > 账号与在线社群 > 群组与社群设置,special_business,2,0.02,2,1084258249|1084258275,邀请加入奥特曼主题班级,数字平台与技术 > 账号与在线社群 > 群组与社群设置
B,S1000-0115,STI-d267bdf2a118fb81946d,accepted,agree,无法参加中考的提问,一名学生询问无法参加中考怎么办，并说明自己已经考过。,,,,,short_candidate,3,0.03,3,1084258345|1084258349|1084258351,无法参加中考的提问,
B,S1000-0116,STI-454d4acbab141e62f2bb,accepted,agree,北京升旗观看经历,成员分享在北京观看升旗时的早起、排队和拍摄经历，其他成员询问现场情况。,日常生活与健康,环境与出行,旅行与地点经历,日常生活与健康 > 环境与出行 > 旅行与地点经历,standard,8,0.08,8,1099968055|1099968057|1101260703|1101260705|1101260707|1101260709|1103926481|1103926483,北京升旗观看经历,日常生活与健康 > 环境与出行 > 旅行与地点经历
B,S1000-0116,STI-78c6fab208532a1b804e,accepted,agree,下学期住宿安排,成员询问下学期是否继续住宿，并表达希望走读。,,,,,short_candidate,4,0.04,4,1102575479|1103926447|1103926489|1103926491,下学期住宿安排,
B,S1000-0116,STI-fe559c36c37b591a2e71,accepted,agree,演唱会体验与现场视频分享,成员分享演唱会现场视频、签名互动、票价与座位体验，并讨论歌手现场演唱表现。,娱乐与创作,娱乐作品与活动,音乐与偶像文化,娱乐与创作 > 娱乐作品与活动 > 音乐与偶像文化,standard,38,0.38,38,1095420895|1095420897|1096690481|1096690493|1096690495|1096690497|1096690499|1096690503|1096690505|1096690507|1099968027|1099968029|1099968031|1099968033|1099968037|1099968039|1099968041|1099968043|1099968045|1099968047|1099968049|1099968051|1099968053|1101260683|1101260685|1101260691|1101260693|1101260695|1101260699|1101260701|1103926457|1103926461|1103926465|1103926467|1103926469|1103926475|1103926477|1103926479,演唱会体验与现场视频分享,娱乐与创作 > 娱乐作品与活动 > 音乐与偶像文化
B,S1000-0117,STI-4f9e998ed52c12b311d3,accepted,agree,学生作业提交与教师反馈,家长提交学生阅读和作文作业，教师给出字迹、内容丰富和作业完成情况等反馈。,学习与学业内容,学习任务与评价,作业与练习,学习与学业内容 > 学习任务与评价 > 作业与练习,standard,33,0.33,33,1080420887|1080420903|1080420905|1081428695|1081428707|1082567397|1082567399|1082567401|1082567403|1082567421|1082567423|1082567425|1082567427|1082567429|1082567431|1082567433|1082567435|1083856449|1083856451|1083856453|1083856463|1083856465|1085140119|1085140121|1085140129|1085140131|1085140133|1085140135|1086427133|1086427139|1086427141|1086427143|1087676617,学生作业提交与教师反馈,学习与学业内容 > 学习任务与评价 > 作业与练习
B,S1000-0117,STI-a3bc1e94246141f8101c,accepted,agree,语文课程排期、教材与课堂内容沟通,家长与教师沟通语文课的时间、文言文和作文等授课内容、教材资料及录屏安排。,课程运营与服务,课程排期与出勤,课程变更与补课,课程运营与服务 > 课程排期与出勤 > 课程变更与补课,standard,61,0.61,61,1080420873|1080420875|1080420877|1080420879|1080420881|1080420883|1080420885|1080420889|1080420891|1080420893|1080420895|1080420897|1080420899|1080420901|1081428697|1081428699|1081428701|1081428703|1081428705|1081428709|1081428711|1081428713|1081428715|1081428717|1081428721|1082567383|1082567385|1082567387|1082567389|1082567405|1082567407|1082567409|1082567411|1082567413|1082567415|1082567417|1082567437|1083856439|1083856441|1083856443|1083856445|1083856447|1083856455|1083856457|1083856459|1083856461|1085140123|1085140125|1085140127|1086427125|1086427127|1086427129|1086427135|1086427137|1086427145|1087676605|1087676607|1087676609|1087676611|1087676613|1087676615,语文课程排期、教材与课堂内容沟通,课程运营与服务 > 课程排期与出勤 > 课程变更与补课
B,S1000-0118,STI-26af52dfaf2088efd8c7,accepted,agree,英语语法、词汇与课本练习讲解,课堂记录讲解英语语法规则、词汇含义和发音，并完成多项课本练习。,学习与学业内容,学科与技能学习,英语语言学习,学习与学业内容 > 学科与技能学习 > 英语语言学习,standard,100,1,100,1080449569|1080449571|1080449573|1080449575|1080449577|1080449579|1080449581|1080449583|1080449585|1080449587|1080449589|1082608209|1082608211|1082608213|1082608215|1082608217|1082608219|1083898887|1083898889|1083898891|1083898893|1083898895|1085186439|1085186441|1085186443|1085186445|1085186447|1085186449|1085186451|1085186453|1085186455|1085186457|1085186459|1086468379|1086468381|1086468383|1086468385|1086468387|1086468389|1086468391|1086468393|1086468395|1086468397|1086468399|1087716571|1087716573|1087716575|1091080123|1091080125|1091080127|1091080129|1091080131|1091080133|1091080135|1091080137|1091080139|1091080141|1091080143|1091080145|1091080147|1091080149|1092384299|1092384301|1092384303|1092384305|1092384307|1092384309|1092384311|1092384313|1092384315|1092384317|1092384319|1092384321|1095016103|1095016105|1095016107|1095016109|1095016111|1095016113|1095016115|1096298813|1096298815|1096298817|1096298819|1096298821|1096298823|1096298825|1099587371|1099587373|1099587375|1099587377|1099587379|1099587381|1099587383|1104840675|1104840677|1107088047|1107088049|1107088051|1107088053,英语语法、词汇与课本练习讲解,学习与学业内容 > 学科与技能学习 > 英语语言学习
B,S1000-0119,STI-2c4a01002e7d2ebf64bd,accepted,agree,行情区间与交易策略讨论,发言者讨论行情高开、压力位和支撑位，并提示按区间震荡、止损和止盈思路操作。,金融与公共信息,金融与公共议题,金融市场与交易,金融与公共信息 > 金融与公共议题 > 金融市场与交易,standard,18,0.18,18,1080474613|1080474615|1080474617|1080474619|1080474621|1080474623|1080474625|1080474647|1081475983|1081475985|1081475987|1081475991|1081475993|1082636509|1082636511|1082636517|1082636519|1082636521,行情区间与交易策略讨论,金融与公共信息 > 金融与公共议题 > 金融市场与交易
B,S1000-0119,STI-718448a4e5f9fb2403fc,accepted,agree,迁移至新群并退出旧群,发言者要求成员进入新群，保持昵称与时间备注一致，并从已废弃的旧群退出。,数字平台与技术,账号与在线社群,群组与社群设置,数字平台与技术 > 账号与在线社群 > 群组与社群设置,standard,47,0.47,47,1082636523|1082636525|1082636527|1082636529|1082636531|1082636533|1082636535|1082636539|1082636541|1082636543|1082636545|1082636547|1082636549|1082636551|1082636555|1082636557|1082636559|1082636561|1082636563|1082636565|1082636567|1082636573|1082636575|1082636577|1082636579|1082636581|1082636583|1082636585|1082636587|1082636589|1082636591|1082636593|1082636595|1082636597|1082636599|1082636601|1082636603|1082636605|1082636607|1082636609|1082636611|1082636613|1082636615|1082636617|1082636619|1082636621|1082636623,迁移至新群并退出旧群,数字平台与技术 > 账号与在线社群 > 群组与社群设置
B,S1000-0119,STI-a90fd63334cabeadae40,accepted,agree,周末直播与文章群参与安排,发言者通知周末直播时间，要求成员阅读文章后加入答疑群，并说明会议号获取方式。,人际关系与社交,社交活动与日常互动,社群互动与成员交流,人际关系与社交 > 社交活动与日常互动 > 社群互动与成员交流,standard,26,0.26,26,1080474627|1080474629|1080474631|1080474633|1080474635|1080474637|1080474639|1080474641|1080474643|1080474645|1080474647|1081475957|1081475959|1081475961|1081475963|1081475965|1081475973|1081475975|1081475977|1081475979|1081475981|1081475983|1081475987|1081475989|1082636513|1082636515,周末直播与文章群参与安排,人际关系与社交 > 社交活动与日常互动 > 社群互动与成员交流
B,S1000-0120,STI-2e8887c44249d707c1fd,accepted,agree,设备与网络导致的聊天中断,成员说明因低电量、手机和网络问题中断聊天，并讨论等待和改用笔记本继续联系。,数字平台与技术,数字技术与访问,连接与设备故障,数字平台与技术 > 数字技术与访问 > 连接与设备故障,standard,17,0.17,17,1083086831|1083086833|1083086837|1083086841|1083086851|1083086853|1083086855|1083086857|1083086859|1083086861|1083086863|1084394917|1084394921|1085695965|1091592551|1091592557|1091592567,设备与网络导致的聊天中断,数字平台与技术 > 数字技术与访问 > 连接与设备故障
B,S1000-0120,STI-4ad513cdb2490fdb68d1,accepted,agree,反复提出“make temp”请求,成员多次要求对方执行“make”或“make temp”操作。,特殊内容主题,敏感与未见内容,其他/待细分主题,特殊内容主题 > 敏感与未见内容 > 其他/待细分主题,standard,15,0.15,15,1083086839|1083086847|1084394887|1084394889|1084394891|1084394893|1084394895|1084394897|1084394899|1084394913|1084394915|1085695969|1091592565|1091592599|1092919031,反复提出“make temp”请求,特殊内容主题 > 敏感与未见内容 > 其他/待细分主题
B,S1000-0121,STI-0a9ff5fb82fbeb4bd9ec,accepted,agree,毛笔与书写用品,双方讨论在澳洲购买或携带毛笔，以及毛笔书写所用用品。,娱乐与创作,创作与角色文化,视觉与手作创作,娱乐与创作 > 创作与角色文化 > 视觉与手作创作,standard,10,0.1,10,1085611977|1085611979|1085611981|1085611983|1085611985|1085611987|1085611989|1085611991|1085611993|1085611995,毛笔与书写用品,娱乐与创作 > 创作与角色文化 > 视觉与手作创作
B,S1000-0121,STI-0dfd65b33d6f76d520db,accepted,agree,提交事项与截止日期,双方确认某项事项已在截止日期前后提交。,特殊内容主题,敏感与未见内容,其他/待细分主题,特殊内容主题 > 敏感与未见内容 > 其他/待细分主题,standard,5,0.05,5,1079702387|1079702391|1079702393|1079702395|1079702397,提交事项与截止日期,特殊内容主题 > 敏感与未见内容 > 其他/待细分主题
B,S1000-0121,STI-1c5dad1a83d5179dedf2,accepted,agree,台风影响航班,一方谈及台风期间航班备降和返航情况。,,,,,short_candidate,3,0.03,3,1089178787|1090176651|1090176653,台风影响航班,
B,S1000-0121,STI-30ee6d4978232d41f8d8,accepted,agree,物理课教室查询,一方询问物理课所在教室。,,,,,short_candidate,4,0.04,4,1090176655|1090176657|1090176659|1090176661,物理课教室查询,
B,S1000-0121,STI-3d6d1c91dafb975fc481,accepted,agree,豆包消息可用性,双方核实豆包是否能够发送消息。,数字平台与技术,数字技术与访问,应用与设备使用,数字平台与技术 > 数字技术与访问 > 应用与设备使用,standard,5,0.05,5,1085611997|1085611999|1085612001|1085612003|1085612005,豆包消息可用性,数字平台与技术 > 数字技术与访问 > 应用与设备使用
B,S1000-0121,STI-58e2afb7a7ec10ab6ac6,accepted,agree,比赛历史记录,双方讨论比赛前记录是否会被查询及其在网站上的呈现。,特殊内容主题,敏感与未见内容,其他/待细分主题,特殊内容主题 > 敏感与未见内容 > 其他/待细分主题,standard,6,0.06,6,1099998653|1099998655|1099998657|1099998659|1099998661|1099998663,比赛历史记录,特殊内容主题 > 敏感与未见内容 > 其他/待细分主题
B,S1000-0121,STI-866f30c3607afe9fc15d,accepted,agree,杭州出行见闻,双方谈及杭州地铁进站体验、交通卡及旅游。,日常生活与健康,环境与出行,旅行与地点经历,日常生活与健康 > 环境与出行 > 旅行与地点经历,standard,7,0.07,7,1098746395|1098746397|1098746399|1098746401|1099998639|1099998649|1099998651,杭州出行见闻,日常生活与健康 > 环境与出行 > 旅行与地点经历
B,S1000-0121,STI-e3bd316ce5f74dee5f72,accepted,agree,be bound for短语解释,双方解释英语短语be bound for表示开往的含义。,学习与学业内容,学科与技能学习,英语语言学习,学习与学业内容 > 学科与技能学习 > 英语语言学习,standard,5,0.05,5,1098746403|1099998641|1099998643|1099998645|1099998647,be bound for短语解释,学习与学业内容 > 学科与技能学习 > 英语语言学习
B,S1000-0121,STI-e72814f8bab5c077766d,accepted,agree,天象观测,一方介绍次日可见的天象及不同地区的观测条件。,,,,,short_candidate,3,0.03,3,1091505753|1091505755|1091505757,天象观测,
B,S1000-0121,STI-fe22a1250e53adb9536a,accepted,agree,上海地铁票价新闻,双方谈及上海地铁可能涨价及起步价。,,,,,short_candidate,3,0.03,3,1089178781|1089178783|1089178785,上海地铁票价新闻,
B,S1000-0122,STI-6e9a0fb4b88392be6407,accepted,agree,MBTI人格类型与测试,群成员交流MBTI类型、稀有度、含义及测试途径。,人际关系与社交,人际关系与身份,个人与同伴信息,人际关系与社交 > 人际关系与身份 > 个人与同伴信息,standard,45,0.45,45,1088052215|1088052217|1088052219|1088052221|1088052223|1088052225|1088052227|1088052229|1088052231|1088052233|1088052235|1088052237|1088052239|1088052241|1088052247|1088052249|1088052251|1088052253|1088052255|1088052257|1088052261|1088052263|1088052265|1088052267|1088052273|1088052283|1088052285|1088052287|1088052289|1088052291|1088052295|1088052297|1088052299|1088052301|1088052305|1088052307|1088052311|1088052313|1088052317|1088052319|1088052323|1088052325|1088052329|1088052331|1088052333,MBTI人格类型与测试,人际关系与社交 > 人际关系与身份 > 个人与同伴信息
B,S1000-0122,STI-af40f90ed6ad6a0167a1,accepted,agree,新群成员与社团来源,群成员讨论新群人数、成员关系及青碧社团。,人际关系与社交,社交活动与日常互动,社群互动与成员交流,人际关系与社交 > 社交活动与日常互动 > 社群互动与成员交流,standard,19,0.19,19,1088052161|1088052163|1088052165|1088052167|1088052171|1088052173|1088052177|1088052181|1088052183|1088052185|1088052189|1088052195|1088052199|1088052201|1088052203|1088052205|1088052207|1088052209|1088052211,新群成员与社团来源,人际关系与社交 > 社交活动与日常互动 > 社群互动与成员交流
B,S1000-0123,STI-11710ff9ba379507e3ca,accepted,agree,未进课堂学生联络,教师多次请求协助联络未进入课堂的学生，并确认其是否进入。,课程运营与服务,课程排期与出勤,到课与缺勤处理,课程运营与服务 > 课程排期与出勤 > 到课与缺勤处理,standard,50,0.5,50,1085293055|1085293057|1085293059|1085293061|1085293063|1087811465|1087811467|1088914199|1088914201|1088914203|1091179195|1091179197|1091179199|1092482913|1092482915|1092482917|1092482919|1092482921|1092482923|1092482925|1095111423|1095111425|1095111427|1095111439|1095111441|1095111443|1095111445|1095111447|1096386883|1099670319|1099670321|1099670323|1099670325|1099670327|1099670329|1102255499|1102255501|1102255503|1102255505|1103598373|1103598375|1103598377|1104920179|1104920181|1104920183|1109728135|1109728137|1109728139|1111060003|1111060005,未进课堂学生联络,课程运营与服务 > 课程排期与出勤 > 到课与缺勤处理
B,S1000-0123,STI-8fe34e95060400c81c66,accepted,agree,教材与课程进度确认,双方确认学生教材、课程内容、预约信息及后续进度。,教学与课程内容,教学材料与实施,教材与课程进度,教学与课程内容 > 教学材料与实施 > 教材与课程进度,standard,14,0.14,14,1084005137|1084005139|1084005143|1084005145|1084005147|1084005149|1084005151|1084005153|1084005155|1084005157|1084005159|1084005161|1084005163|1084005165,教材与课程进度确认,教学与课程内容 > 教学材料与实施 > 教材与课程进度
B,S1000-0123,STI-a26d1d872c8f1350c1ba,accepted,agree,教师授课时段与课程时间,双方确认教师可授课时段、请假后的关闭时间及个别课程开始时间。,课程运营与服务,课程排期与出勤,可用时段与排班,课程运营与服务 > 课程排期与出勤 > 可用时段与排班,standard,15,0.15,15,1087811461|1087811463|1087811469|1097515189|1097515191|1097515193|1097515195|1099670317|1099670331|1099670333|1099670335|1099670337|1112467881|1112467883|1112467885,教师授课时段与课程时间,课程运营与服务 > 课程排期与出勤 > 可用时段与排班
B,S1000-0123,STI-edfef61f6d5ff6e4c7fc,accepted,agree,学生课件查找与推荐,教师请求推荐和查找学生课件，管理员提供教材库及替代课件链接。,教学与课程内容,教学材料与实施,教学资料与课件,教学与课程内容 > 教学材料与实施 > 教学资料与课件,standard,15,0.15,15,1093806231|1093806233|1093806235|1093806237|1093806239|1093806241|1093806243|1093806245|1093806247|1095111417|1095111429|1095111431|1095111433|1095111435|1095111437,学生课件查找与推荐,教学与课程内容 > 教学材料与实施 > 教学资料与课件
B,S1000-0124,STI-0e03890c223a07ab155b,accepted,agree,会议ID有效期续期提醒,消息提醒定期检查并续期课堂会议ID，以避免中断。,,,,,short_candidate,1,0.01,1,1082781673,会议ID有效期续期提醒,
B,S1000-0124,STI-481e60ff60a5d03d1c58,accepted,agree,账户名不一致与学生识别,教师反映预约平台与ClassIn账户名不一致，导致学生识别和课程安排混乱。,数字平台与技术,账号与在线社群,账号与身份资料,数字平台与技术 > 账号与在线社群 > 账号与身份资料,standard,34,0.34,34,1082781607|1082781609|1082781611|1082781617|1082781619|1082781647|1082781649|1084071731|1084071733|1084071735|1084071737|1084071739|1084071741|1084071743|1084071745|1085355219|1085355221|1085355223|1086620319|1086620321|1086620323|1086620325|1086620327|1086620329|1086620331|1086620333|1086620335|1086620337|1086620339|1086620341|1086620343|1086620345|1086620347|1086620349,账户名不一致与学生识别,数字平台与技术 > 账号与在线社群 > 账号与身份资料
B,S1000-0124,STI-4862de604e0281a5915b,accepted,agree,迟到补课与后续课堂安排,双方说明迟到后补课不能占用下一节课时间，学生等待超过规定时间可取消课程。,课程运营与服务,课程排期与出勤,课程变更与补课,课程运营与服务 > 课程排期与出勤 > 课程变更与补课,standard,32,0.32,32,1082781613|1082781615|1082781621|1082781623|1082781625|1082781627|1082781629|1082781631|1082781633|1082781635|1082781637|1082781639|1082781641|1082781643|1082781645|1082781651|1082781653|1082781655|1082781657|1082781659|1082781661|1082781663|1082781665|1082781667|1082781669|1082781671|1082781675|1082781677|1082781679|1082781681|1082781683|1082781685,迟到补课与后续课堂安排,课程运营与服务 > 课程排期与出勤 > 课程变更与补课
B,S1000-0124,STI-618af3bd0b314877563a,accepted,agree,学生课前材料选择,教师请求协助联系学生在上课前选择教材。,,,,,short_candidate,2,0.02,2,1085355215|1085355217,学生课前材料选择,
B,S1000-0124,STI-9e030374cfe8a97f7567,accepted,agree,周日固定课程时段协商,双方协商周日固定课程时段，因可用时间不合适而暂不加课。,课程运营与服务,课程排期与出勤,可用时段与排班,课程运营与服务 > 课程排期与出勤 > 可用时段与排班,standard,6,0.06,6,1082781687|1082781689|1082781691|1082781693|1084071727|1084071729,周日固定课程时段协商,课程运营与服务 > 课程排期与出勤 > 可用时段与排班
B,S1000-0124,STI-ab6db36381f7d9d7beea,accepted,agree,学生课堂专注情况,教师反馈一名学生上课不专注，随后收到家长将沟通的答复。,,,,,short_candidate,4,0.04,4,1080586689|1080586691|1080586693|1080586695,学生课堂专注情况,
B,S1000-0124,STI-eddcd2b0ea5a6cb1cddf,accepted,agree,教学视频与授课方法学习,一方提供示范课视频并说明可学习的提问、板书、表达和教学拓展方法。,教学与课程内容,教学材料与实施,教学方法与课堂活动,教学与课程内容 > 教学材料与实施 > 教学方法与课堂活动,standard,16,0.16,16,1080586697|1080586699|1080586701|1080586703|1080586705|1080586707|1080586709|1080586711|1080586713|1080586715|1080586717|1080586719|1080586721|1081573167|1082781603|1082781605,教学视频与授课方法学习,教学与课程内容 > 教学材料与实施 > 教学方法与课堂活动
B,S1000-0125,STI-2efd81425e0d1cb57375,accepted,agree,创建私聊群,学生讨论创建群组以便私下聊天，并邀请其他同学加入。,数字平台与技术,账号与在线社群,群组与社群设置,数字平台与技术 > 账号与在线社群 > 群组与社群设置,standard,14,0.14,14,1080419021|1080419023|1080419037|1080419041|1080419043|1080419045|1080419077|1080419123|1080419173|1080419175|1080419179|1080419189|1080419191|1080419193,创建私聊群,数字平台与技术 > 账号与在线社群 > 群组与社群设置
B,S1000-0125,STI-4a5c15095217f662745a,accepted,agree,课堂聊天限制,学生讨论教师对课堂聊天的限制及是否会在无人聊天时继续限制。,,,,,short_candidate,4,0.04,4,1080418997|1080418999|1080419001|1080419003,课堂聊天限制,
B,S1000-0125,STI-f03f07d0cb157b96c19c,accepted,agree,关闭摄像头引发的同学争论,学生围绕同学上课关闭摄像头及相关评价展开争论。,教学与课程内容,教学材料与实施,教学方法与课堂活动,教学与课程内容 > 教学材料与实施 > 教学方法与课堂活动,standard,26,0.26,26,1080419039|1080419047|1080419049|1080419051|1080419053|1080419055|1080419057|1080419059|1080419069|1080419071|1080419073|1080419101|1080419129|1080419133|1080419135|1080419137|1080419139|1080419141|1080419143|1080419145|1080419147|1080419149|1080419151|1080419153|1080419165|1080419171,关闭摄像头引发的同学争论,教学与课程内容 > 教学材料与实施 > 教学方法与课堂活动
B,S1000-0126,STI-207563026800265ec03b,accepted,agree,所在地点与边境情况询问,一方询问尼泊尔及边境情况，另一方说明人在广州且情况正常。,金融与公共信息,金融与公共议题,公共议题与外部信息,金融与公共信息 > 金融与公共议题 > 公共议题与外部信息,standard,5,0.05,5,1111492793|1111492795|1111492797|1111492799|1111492801,所在地点与边境情况询问,金融与公共信息 > 金融与公共议题 > 公共议题与外部信息
B,S1000-0126,STI-e16ce14ad194c62fc59c,accepted,agree,课程时间协调与改约,双方多次协调课程时间，并因医院事务调整或取消课程。,课程运营与服务,课程排期与出勤,课程变更与补课,课程运营与服务 > 课程排期与出勤 > 课程变更与补课,standard,21,0.21,21,1091514639|1091514643|1091514645|1092837319|1095465711|1095465713|1095465715|1095465719|1095465731|1101297575|1101297577|1103967235|1107454665|1110110453|1110110455|1110110457|1110110459|1110110461|1110110463|1110110465|1110110467,课程时间协调与改约,课程运营与服务 > 课程排期与出勤 > 课程变更与补课
B,S1000-0126,STI-eb7298a36fba16475bed,accepted,agree,家人透析治疗与照护安排,聊天讨论家人透析治疗、住院照护和后续返校安排。,日常生活与健康,生活与健康,健康与医疗,日常生活与健康 > 生活与健康 > 健康与医疗,standard,21,0.21,21,1091514647|1091514649|1091514653|1091514659|1092837319|1092837327|1092837329|1092837331|1092837333|1092837335|1092837337|1092837339|1092837341|1092837343|1092837345|1092837347|1092837349|1092837351|1092837353|1092837355|1092837357,家人透析治疗与照护安排,日常生活与健康 > 生活与健康 > 健康与医疗
B,S1000-0126,STI-eeef0cc702b245db0e5a,accepted,agree,台风天气与出行影响,双方交流台风、降雨和天气对出行的影响。,日常生活与健康,环境与出行,天气与公共环境,日常生活与健康 > 环境与出行 > 天气与公共环境,standard,9,0.09,9,1091514633|1091514635|1091514637|1091514641|1092837401|1092837403|1092837405|1092837407|1092837411,台风天气与出行影响,日常生活与健康 > 环境与出行 > 天气与公共环境
B,S1000-0126,STI-fa2667e93ae25c03fe60,accepted,agree,医疗期间的亲友支持与费用,双方讨论医疗困难中亲友支持、借款和住院费用。,日常生活与健康,生活与健康,健康与医疗,日常生活与健康 > 生活与健康 > 健康与医疗,standard,21,0.21,21,1092837359|1092837361|1092837363|1092837365|1092837367|1092837369|1092837371|1092837373|1092837375|1092837377|1092837379|1092837381|1092837383|1092837385|1092837387|1092837389|1092837391|1092837393|1092837395|1092837397|1092837399,医疗期间的亲友支持与费用,日常生活与健康 > 生活与健康 > 健康与医疗
B,S1000-0127,STI-5e00f60cb38977ed2f25,accepted,agree,线上联系时间协调,双方反复协调上线和联系的可用时间。,数字平台与技术,账号与在线社群,在线联络与联系人,数字平台与技术 > 账号与在线社群 > 在线联络与联系人,standard,18,0.18,18,1079681593|1079681595|1080730271|1080730273|1080730275|1080730277|1080730279|1080730281|1080730341|1081736395|1081736397|1081736399|1082970617|1084283405|1084283407|1084283409|1084283481|1084283483,线上联系时间协调,数字平台与技术 > 账号与在线社群 > 在线联络与联系人
B,S1000-0127,STI-736ff67b77758d196c1d,accepted,agree,体检与身高变化,双方交流体检情况和近期身高变化。,日常生活与健康,生活与健康,健康与医疗,日常生活与健康 > 生活与健康 > 健康与医疗,standard,15,0.15,15,1084283449|1084283451|1084283453|1084283457|1084283459|1084283461|1084283463|1084283465|1084283467|1084283469|1084283471|1084283473|1084283475|1084283477|1084283479,体检与身高变化,日常生活与健康 > 生活与健康 > 健康与医疗
B,S1000-0127,STI-8b0d5ae4ff6c825e92b0,accepted,agree,与德的相识和关系,聊天围绕与德的相识时间、恋爱关系和近况展开。,人际关系与社交,人际关系与身份,恋爱与亲密关系,人际关系与社交 > 人际关系与身份 > 恋爱与亲密关系,standard,31,0.31,31,1080730283|1080730285|1080730287|1080730289|1080730291|1080730293|1080730295|1080730297|1080730299|1080730301|1080730303|1080730305|1080730307|1080730309|1080730311|1080730313|1080730315|1080730317|1080730319|1080730321|1080730325|1080730327|1080730335|1080730347|1080730349|1080730351|1080730353|1080730355|1080730357|1080730359|1080730363,与德的相识和关系,人际关系与社交 > 人际关系与身份 > 恋爱与亲密关系
B,S1000-0127,STI-cabc39f7a1e258fbadcf,accepted,agree,生日祝福,一方收到生日祝福并表达感谢。,人际关系与社交,社交活动与日常互动,社交活动与见面,人际关系与社交 > 社交活动与日常互动 > 社交活动与见面,standard,8,0.08,8,1084283411|1084283413|1084283415|1084283419|1084283421|1084283423|1084283425|1084283427,生日祝福,人际关系与社交 > 社交活动与日常互动 > 社交活动与见面
B,S1000-0127,STI-f2975f5aac73a6971ef1,accepted,agree,晚餐时间,双方讨论是否已吃饭和晚餐时间。,日常生活与健康,生活与健康,日常生活与饮食,日常生活与健康 > 生活与健康 > 日常生活与饮食,standard,10,0.1,10,1084283429|1084283431|1084283433|1084283435|1084283437|1084283439|1084283441|1084283443|1084283445|1084283447,晚餐时间,日常生活与健康 > 生活与健康 > 日常生活与饮食
B,S1000-0128,STI-0d90f16b47afe912c2ca,accepted,agree,Alan课堂专注与参与问题,教师反馈Alan在课堂中不专注、未按要求参与，后续已告知其家长。,,,,,short_candidate,2,0.02,2,1094190359|1095498727,Alan课堂专注与参与问题,
B,S1000-0128,STI-22bc934605e6552d4f1b,accepted,agree,Tony课堂听课异常,教师反馈Tony上课迟到、称听不到声音后离开课堂。,,,,,short_candidate,2,0.02,2,1086914237|1086914241,Tony课堂听课异常,
B,S1000-0128,STI-41520d60b63a6ea79746,accepted,agree,课程取消、调课与空档关闭,聊天记录多项课程取消、改期和教师空档关闭安排。,课程运营与服务,课程排期与出勤,课程变更与补课,课程运营与服务 > 课程排期与出勤 > 课程变更与补课,standard,35,0.35,35,1079746155|1081808499|1081808501|1081808503|1084358373|1084358375|1084358377|1085659269|1085659271|1085659273|1085659275|1085659277|1085659279|1085659281|1086914225|1088155871|1089217099|1091554299|1091554301|1091554303|1092876435|1094190367|1095498729|1095498731|1095498739|1096752609|1097811469|1098786939|1100039627|1100039629|1100039637|1100039639|1100039641|1100039643|1100039645,课程取消、调课与空档关闭,课程运营与服务 > 课程排期与出勤 > 课程变更与补课
B,S1000-0128,STI-9ec2e62504b56fa729fd,accepted,agree,临近开课转课规则,管理方说明开课前一小时内不能转课或赠课，并说明本次课时费照付。,,,,,short_candidate,3,0.03,3,1098786945|1098786947|1100039623,临近开课转课规则,
B,S1000-0128,STI-b4c17a79d9e1e17ce0f0,accepted,agree,供电和网络影响课程,教师说明天气、停电和网络问题可能影响上课。,,,,,short_candidate,4,0.04,4,1079746155|1084358379|1086914227|1086914239,供电和网络影响课程,
B,S1000-0128,STI-dd4b67f8f17ceacb874c,accepted,agree,学生到课等待与缺勤,教师持续记录等待学生上课及学生缺勤情况。,课程运营与服务,课程排期与出勤,到课与缺勤处理,课程运营与服务 > 课程排期与出勤 > 到课与缺勤处理,standard,48,0.48,48,1079746145|1079746149|1079746151|1079746157|1080788767|1080788769|1081808505|1083048571|1084358381|1084358383|1085659283|1085659285|1086914229|1086914231|1086914233|1086914235|1088155867|1088155869|1088155873|1088155875|1088155877|1088155879|1088155881|1088155883|1089217093|1089217095|1089217097|1092876437|1092876439|1094190361|1094190363|1094190365|1095498733|1095498735|1095498737|1095498741|1096752607|1096752611|1096752613|1096752615|1096752617|1096752619|1096752621|1096752623|1096752625|1098786941|1098786943|1098786949,学生到课等待与缺勤,课程运营与服务 > 课程排期与出勤 > 到课与缺勤处理
B,S1000-0129,STI-03c2e90fc1342549711f,accepted,agree,手机取用与位置,双方协调考试前取用手机，并确认手机所在位置。,数字平台与技术,数字技术与访问,应用与设备使用,数字平台与技术 > 数字技术与访问 > 应用与设备使用,standard,7,0.07,7,1090146075|1090146077|1090146079|1091470723|1091470727|1095421895|1095421901,手机取用与位置,数字平台与技术 > 数字技术与访问 > 应用与设备使用
B,S1000-0129,STI-1e2171f49fa674df9dff,accepted,agree,语文专项课程学习反馈,课程反馈介绍作文审题、关系型作文和诗歌鉴赏训练内容。,,,,,short_candidate,1,0.01,1,1089153745,语文专项课程学习反馈,
B,S1000-0129,STI-25955a34809779ca84c9,accepted,agree,应用使用时长调整,一方多次请求调整笔记、QQ音乐和浏览器的使用时长。,数字平台与技术,数字技术与访问,应用与设备使用,数字平台与技术 > 数字技术与访问 > 应用与设备使用,standard,12,0.12,12,1089153741|1091470721|1091470725|1092799021|1092799023|1092799025|1095421875|1095421877|1095421879|1095421881|1097758091|1097758097,应用使用时长调整,数字平台与技术 > 数字技术与访问 > 应用与设备使用
B,S1000-0129,STI-25ce8619f2b55be2b9c4,accepted,agree,宿舍房间用途调整,聊天说明学校宿舍104至106房间的用途调整。,,,,,short_candidate,4,0.04,4,1096691229|1096691231|1096691233|1096691235,宿舍房间用途调整,
B,S1000-0129,STI-488768600e8bb0512cf1,accepted,agree,建立多人ClassIn聊天,双方尝试建立包含三人的ClassIn聊天，后确认似乎只能一对一。,数字平台与技术,账号与在线社群,群组与社群设置,数字平台与技术 > 账号与在线社群 > 群组与社群设置,standard,5,0.05,5,1096691247|1097758129|1097758141|1097758143|1097758155,建立多人ClassIn聊天,数字平台与技术 > 账号与在线社群 > 群组与社群设置
B,S1000-0129,STI-773f56b5669f0c4d002d,accepted,agree,同学宿舍床位调整,一方询问同学是否更换宿舍床位，另一方说明两人已互换。,,,,,short_candidate,2,0.02,2,1097758131|1097758139,同学宿舍床位调整,
B,S1000-0129,STI-810e78fcd921c5437bb7,accepted,agree,学校学习与午休作息,聊天讨论学校午休、作业进度、学习氛围和晚自习目标。,教育与工作经济,学校与教育路径,学校与校园生活,教育与工作经济 > 学校与教育路径 > 学校与校园生活,standard,24,0.24,24,1096691243|1096691245|1097758055|1097758057|1097758087|1097758089|1097758093|1097758095|1097758099|1097758101|1097758105|1097758107|1097758109|1097758111|1097758113|1097758115|1097758117|1097758121|1097758123|1097758125|1097758127|1097758147|1097758149|1097758151,学校学习与午休作息,教育与工作经济 > 学校与教育路径 > 学校与校园生活
B,S1000-0129,STI-b05ae32373da58f74616,accepted,agree,宿舍生活用品寄送与领取,一方需要寄送生活用品和衣架，双方确认快递到达及领取安排。,日常生活与健康,生活与健康,日常生活与饮食,日常生活与健康 > 生活与健康 > 日常生活与饮食,standard,15,0.15,15,1097758053|1097758063|1097758065|1097758067|1097758069|1097758071|1097758073|1097758075|1097758077|1097758079|1097758081|1097758083|1097758085|1097758133|1097758135,宿舍生活用品寄送与领取,日常生活与健康 > 生活与健康 > 日常生活与饮食
B,S1000-0129,STI-fb20b50c87535e0fd59e,accepted,agree,晚餐安排,双方讨论晚餐吃什么及是否需要点餐。,日常生活与健康,生活与健康,日常生活与饮食,日常生活与健康 > 生活与健康 > 日常生活与饮食,standard,7,0.07,7,1090146081|1095421883|1095421889|1095421891|1095421893|1095421897|1095421899,晚餐安排,日常生活与健康 > 生活与健康 > 日常生活与饮食
B,S1000-0130,STI-287fbf183e57f023b2e5,accepted,agree,ClassIn群组与教室进入,双方讨论ClassIn教室和群组的进入、退群、发消息及重新拉人。,数字平台与技术,账号与在线社群,群组与社群设置,数字平台与技术 > 账号与在线社群 > 群组与社群设置,standard,43,0.43,43,1080783351|1080783353|1081802569|1081802571|1081802573|1081802575|1081802577|1081802581|1081802583|1081802585|1081802591|1081802593|1081802595|1081802597|1081802599|1083039495|1083039497|1090215549|1090215551|1090215555|1090215557|1090215559|1090215567|1090215569|1090215571|1090215573|1090215575|1090215577|1090215579|1090215581|1091543017|1091543019|1091543021|1091543023|1091543025|1091543027|1091543029|1091543031|1091543033|1091543035|1095492235|1095492237|1095492239,ClassIn群组与教室进入,数字平台与技术 > 账号与在线社群 > 群组与社群设置
B,S1000-0130,STI-418067e2807fa77de756,accepted,agree,高铁出行影响上课,一方说明因候车、乘高铁和网络问题未能正常参与后半节课。,课程运营与服务,课程排期与出勤,到课与缺勤处理,课程运营与服务 > 课程排期与出勤 > 到课与缺勤处理,standard,8,0.08,8,1090215535|1090215537|1090215539|1090215541|1090215543|1090215545|1090215547|1090215565,高铁出行影响上课,课程运营与服务 > 课程排期与出勤 > 到课与缺勤处理
B,S1000-0130,STI-77bf1b6ad951891d8515,accepted,agree,磨铁任务做法,双方均不清楚当天磨铁任务的完成方法。,,,,,short_candidate,2,0.02,2,1094181525|1094181527,磨铁任务做法,
B,S1000-0130,STI-9fbe63c6976f6d3927b5,accepted,agree,交流时间与到家情况协调,双方根据外出和到家时间协调后续交流时间。,人际关系与社交,社交活动与日常互动,社交活动与见面,人际关系与社交 > 社交活动与日常互动 > 社交活动与见面,standard,17,0.17,17,1090215585|1090215589|1090215591|1090215593|1090215595|1090215597|1090215599|1090215601|1090215603|1090215605|1090215607|1090215609|1090215611|1090215613|1091543001|1091543003|1091543005,交流时间与到家情况协调,人际关系与社交 > 社交活动与日常互动 > 社交活动与见面
B,S1000-0130,STI-a3e6db6914493d8d397d,accepted,agree,好友申请未获同意,双方提到已发出好友申请，但对方尚未同意。,,,,,short_candidate,2,0.02,2,1094181515|1094181517,好友申请未获同意,
B,S1000-0130,STI-ed08672cc5c2d52f33e7,accepted,agree,作业完成进度,一方询问作业是否完成，另一方回答尚未完成。,,,,,short_candidate,2,0.02,2,1090215615|1090215617,作业完成进度,
